,COMPANY_NAME,2015,2016,2017,2018,2019,2020,2021,2022,Name clean,Country ref,Name clean Global RtZ,Country RtZ,Type RtZ,Match percentage,Match status,Match status v2,Name RtZ,Data found,Latest emissions,Latest emissions year,Source URL,Scopes,Unit
0,A.P. Moller - Maersk A/S,33044000,35917000,35579000,38749000,36204000,33902000,36863000,,a.p. moller maersk,Global,møller-mærsk,Denmark,Company,67,"Unlikely a match, but manual check needed",Yes,A. P. Møller-Mærsk A/S,Emissions data found,36863000,2021,https://nzdpu.com/data-explorer,Scope 1,tCO2e
1,AAK AB (PUBL),,,,,,,269380,,aak,Global,aak,Sweden,Company,100,Fully matched,Yes,AAK AB,Emissions data found,269380,2021,https://nzdpu.com/data-explorer,Scope 1,tCO2e
2,ABB Ltd,761000,733000,392000,375000,257500,225547,190900,,abb,Global,abb,Switzerland,Company,100,Fully matched,Yes,ABB,Emissions data found,190900,2021,https://nzdpu.com/data-explorer,Scope 1,tCO2e
3,ABBVIE INC.,317524,297395,293271,311433,314421,264791,367954,,abbvie,Global,abbvie,United States of America,Company,100,Fully matched,Yes,AbbVie,Emissions data found,367954,2021,https://nzdpu.com/data-explorer,Scope 1,tCO2e
4,ACCENTURE PUBLIC LIMITED COMPANY,26290,27203,24095,22183,18923,13945,9250,,accenture,Global,accenture,Ireland,Company,100,Fully matched,Yes,Accenture PLC,Emissions data found,9250,2021,https://nzdpu.com/data-explorer,Scope 1,tCO2e
5,ACCOR,302000,255099,248589,280706,252401,201098,450208,,accor,Global,accor,France,Company,100,Fully matched,Yes,Accor S.A.,Emissions data found,450208,2021,https://nzdpu.com/data-explorer,Scope 1,tCO2e
6,adidas AG,11702,12017,11702,8.546,6620,11786,12908.4,,adidas,Global,adidas,Germany,Company,100,Fully matched,Yes,Adidas AG,Emissions data found,12908.4,2021,https://nzdpu.com/data-explorer,Scope 1,tCO2e
7,ADOBE INC.,10992,11082,11361,12119,11816,9842,4923,,adobe,Global,adobe,United States of America,Company,100,Fully matched,Yes,"Adobe, Inc.",Emissions data found,4923,2021,https://nzdpu.com/data-explorer,Scope 1,tCO2e
8,AECOM,,,,,,23149.3,19689.01,,aecom,Global,aecom,United States of America,Company,100,Fully matched,Yes,AECOM,Emissions data found,19689.01,2021,https://nzdpu.com/data-explorer,Scope 1,tCO2e
9,AENA S.M.E. SA,,18282,19363,30707,29349,21470.158,14313.6,,aena s.m.e.,Global,aena s.m.e.,Spain,Company,100,Fully matched,Yes,AENA S.M.E. S.A.,Emissions data found,14313.6,2021,https://nzdpu.com/data-explorer,Scope 1,tCO2e
11,"AGILENT TECHNOLOGIES, INC.",7539,7840,8196,7518,9192,10900,11447,,agilent technologies,Global,agilent technologies,United States of America,Company,100,Fully matched,Yes,"Agilent Technologies, Inc",Emissions data found,11447,2021,https://nzdpu.com/data-explorer,Scope 1,tCO2e
12,"Ajinomoto Co., Inc.",1409020,1296732,1270429,1244676,1196969,1013315,1008811,1005363,ajinomoto,Global,ajinomoto,Japan,Company,100,Fully matched,Yes,"Ajinomoto Co., Inc.",Emissions data found,1005363,2022,https://nzdpu.com/data-explorer,Scope 1,tCO2e
14,Aktiebolaget Electrolux,85267,82562,174659,164995,135896,74046,82846,,aktiebolaget electrolux,Global,electrolux,Sweden,Company,61,"Unlikely a match, but manual check needed",Yes,Electrolux,Emissions data found,82846,2021,https://nzdpu.com/data-explorer,Scope 1,tCO2e
15,Aktiebolaget SKF,,59379,61682,62255,78636,71511,81291,,aktiebolaget skf,Global,systembolaget,Sweden,Company,62,"Unlikely a match, but manual check needed",Yes,AB SKF,Emissions data found,81291,2021,https://nzdpu.com/data-explorer,Scope 1,tCO2e
16,Alfa Laval AB,,20179,19240,20148,18063,19857,18735,,alfa laval,Global,alfa laval,Sweden,Company,100,Fully matched,Yes,Alfa Laval AB,Emissions data found,18735,2021,https://nzdpu.com/data-explorer,Scope 1,tCO2e
18,AMBEV S.A.,,,,,,,511957.45,,ambev,Global,ambev,Brazil,Company,100,Fully matched,Yes,Ambev S.A.,Emissions data found,511957.45,2021,https://nzdpu.com/data-explorer,Scope 1,tCO2e
19,AMBUJA CEMENTS LIMITED,13585987,13543643,14711549,14849220,14523738,13405629,16180247,,ambuja cements,Global,ambuja cement,India,Company,96,"Likely a match, but manual check needed",Yes,Ambuja Cement Ltd,Emissions data found,16180247,2021,https://nzdpu.com/data-explorer,Scope 1,tCO2e
21,"AMERICAN AXLE & MANUFACTURING, INC.",,,,148857,137612,75989.5,87033,,american axle manufacturing,Global,american axle manufacturing,United States of America,Company,100,Fully matched,Yes,"American Axle & Manufacturing, Inc.",Emissions data found,87033,2021,https://nzdpu.com/data-explorer,Scope 1,tCO2e
22,American Eagle Outfitters Inc.,,,,,,,7790,9248,american eagle outfitters,Global,american eagle outfitters,United States of America,Company,100,Fully matched,Yes,American Eagle Outfitters,Emissions data found,9248,2022,https://nzdpu.com/data-explorer,Scope 1,tCO2e
23,"ANALOG DEVICES, INC.",,78672,55655,53807,162740,168487,167937,,analog devices,Global,analog devices,United States of America,Company,100,Fully matched,Yes,"Analog Devices, Inc.",Emissions data found,167937,2021,https://nzdpu.com/data-explorer,Scope 1,tCO2e
24,Apple Inc.,28100,34320,45397,54590,52730,47430,55200,,apple,Global,apple,United States of America,Company,100,Fully matched,Yes,"Apple, Inc.",Emissions data found,55200,2021,https://nzdpu.com/data-explorer,Scope 1,tCO2e
25,"APPLIED MATERIALS, INC.",34862,24635,36490,38516,42279,49083,43982,,applied materials,Global,applied materials,United States of America,Company,100,Fully matched,Yes,Applied Materials,Emissions data found,43982,2021,https://nzdpu.com/data-explorer,Scope 1,tCO2e
26,ARAMARK,,,,,367443.37,332117,317075,,aramark,Global,aramark,United States of America,Company,100,Fully matched,Yes,Aramark,Emissions data found,317075,2021,https://nzdpu.com/data-explorer,Scope 1,tCO2e
27,ARCADIS N.V.,15600,13478,12164,11090,10484.3,8947,7672,,arcadis,Global,arcadis,Netherlands,Company,100,Fully matched,Yes,Arcadis NV,Emissions data found,7672,2021,https://nzdpu.com/data-explorer,Scope 1,tCO2e
28,Arçelik Anonim Şirketi,59363,58246,56540,55236,,43109,84014,,arçelik anonim,Global,arçeli̇k,Turkey,Company,64,"Unlikely a match, but manual check needed",Yes,ARÇELİK A.Ş.,Emissions data found,84014,2021,https://nzdpu.com/data-explorer,Scope 1,tCO2e
29,"Asahi Group Holdings,Ltd.",360934,366914,360681,462598,478695,463242,493847,,asahi,Global,asahi,Japan,Company,100,Fully matched,Yes,Asahi Group Holdings Ltd.,Emissions data found,493847,2021,https://nzdpu.com/data-explorer,Scope 1,tCO2e
30,ASICS Corporation,5664,4499,4428,4002,3848,2873,3071,,asics,Global,asics,Japan,Company,100,Fully matched,Yes,ASICS Corporation,Emissions data found,3071,2021,https://nzdpu.com/data-explorer,Scope 1,tCO2e
31,ASSA ABLOY AB,267389,166468,138078,135630,66227,62575,63499,,assa abloy,Global,assa abloy,Sweden,Company,100,Fully matched,Yes,Assa Abloy AB,Emissions data found,63499,2021,https://nzdpu.com/data-explorer,Scope 1,tCO2e
32,ASTRAZENECA PLC,320780,309685,295677,301896,285798,240052,245882,,astrazeneca,Global,astrazeneca,United Kingdom,Company,100,Fully matched,Yes,AstraZeneca,Emissions data found,245882,2021,https://nzdpu.com/data-explorer,Scope 1,tCO2e
33,ATEA ASA,5863,4454.3,3937,4021.1,3806.6,3438.7,3407,,atea,Global,atea,Norway,Company,100,Fully matched,Yes,Atea,Emissions data found,3407,2021,https://nzdpu.com/data-explorer,Scope 1,tCO2e
34,ATOS SE,31166,30048,35317540.97,30383,20981,12228,26955,,atos,Global,atos,France,Company,100,Fully matched,Yes,Atos SE,Emissions data found,26955,2021,https://nzdpu.com/data-explorer,Scope 1,tCO2e
35,Aurubis AG,,519823,529239,521746,502926,539836,563939,,aurubis,Global,aurubis,Germany,Company,100,Fully matched,Yes,Aurubis AG,Emissions data found,563939,2021,https://nzdpu.com/data-explorer,Scope 1,tCO2e
36,"AUTODESK, INC.",2331,2042,1898,2270,2655,3190,867,589,autodesk,Global,autodesk,United States of America,Company,100,Fully matched,Yes,"Autodesk, Inc.",Emissions data found,589,2022,https://nzdpu.com/data-explorer,Scope 1,tCO2e
37,"AUTOLIV, INC.",,,,,107000,98000,103000,,autoliv,Global,autoliv,Sweden,Company,100,Fully matched,Yes,Autoliv Inc,Emissions data found,103000,2021,https://nzdpu.com/data-explorer,Scope 1,tCO2e
38,AUTOSTRADE PER L'ITALIA S.P.A.,,,,,,,57840,,autostrade l'italia,Global,autostrade l’italia,Italy,Company,100,Fully matched,Yes,Autostrade per l’Italia,Emissions data found,57840,2021,https://nzdpu.com/data-explorer,Scope 1,tCO2e
39,AXA,49743,46867.9,45780,38778,37889,26292,23362,,axa,Global,axa,France,Financial Institution,100,Fully matched,Yes,AXA Group,Emissions data found,23362,2021,https://nzdpu.com/data-explorer,Scope 1,tCO2e
40,Axiata Group Berhad,,65756,53852,83130,106675.56,47865,74017,,axiata,Global,axiata,Malaysia,Company,100,Fully matched,Yes,Axiata Group Berhad,Emissions data found,74017,2021,https://nzdpu.com/data-explorer,Scope 1,tCO2e
41,AZUL S.A.,,,2372000,2610100,2958328.18,1658511.92,2493370.01,,azul,Global,azul,Brazil,Company,100,Fully matched,Yes,Azul S.A,Emissions data found,2493370.01,2021,https://nzdpu.com/data-explorer,Scope 1,tCO2e
42,BAE SYSTEMS PLC,569515,579880,525032,506320,480932,151190,142241,,bae systems,Global,bae systems,United Kingdom,Company,100,Fully matched,Yes,BAE Systems PLC,Emissions data found,142241,2021,https://nzdpu.com/data-explorer,Scope 1,tCO2e
43,BALFOUR BEATTY PLC,288644,222485,172270,175065,167070.69,162816,199002,,balfour beatty,Global,balfour beatty,United Kingdom,Company,100,Fully matched,Yes,Balfour Beatty Plc,Emissions data found,199002,2021,https://nzdpu.com/data-explorer,Scope 1,tCO2e
44,BARRATT DEVELOPMENTS P L C,18224,20211,20772.68,19426,24832,18374,26769,,barratt developments p,Global,barratt developments,United Kingdom,Company,95,"Likely a match, but manual check needed",Yes,BARRATT DEVELOPMENTS PLC,Emissions data found,26769,2021,https://nzdpu.com/data-explorer,Scope 1,tCO2e
45,Bayer Aktiengesellschaft,4410000,730000,610000,1510000,2030000,2010000,1930000,,bayer aktiengesellschaft,Global,heristo aktiengesellschaft,Germany,Company,84,"Unlikely a match, but manual check needed",Yes,Bayer AG,Emissions data found,1930000,2021,https://nzdpu.com/data-explorer,Scope 1,tCO2e
46,Bayerische Motoren Werke Aktiengesellschaft,536168,562146,625072,581703,678403,678967,699713,,bayerische motoren werke aktiengesellschaft,Global,heristo aktiengesellschaft,Germany,Company,72,"Unlikely a match, but manual check needed",Yes,BMW Group,Emissions data found,699713,2021,https://nzdpu.com/data-explorer,Scope 1,tCO2e
47,BCE INC.,133566,128878,131664,133899,145591,139896,136132,,bce,Global,bce,Canada,Company,100,Fully matched,Yes,BCE inc.,Emissions data found,136132,2021,https://nzdpu.com/data-explorer,Scope 1,tCO2e
48,"BECTON, DICKINSON AND COMPANY",75661,72658,87638,98252,118232,116718,152299,,becton dickinson,Global,bd becton dickinson,United States of America,Company,91,"Likely a match, but manual check needed",Yes,"BD (Becton, Dickinson & Company)",Emissions data found,152299,2021,https://nzdpu.com/data-explorer,Scope 1,tCO2e
49,Beiersdorf Aktiengesellschaft,35881,37861,43180,40586,42275,38929,42085,,beiersdorf aktiengesellschaft,Global,heristo aktiengesellschaft,Germany,Company,84,"Unlikely a match, but manual check needed",Yes,Beiersdorf AG,Emissions data found,42085,2021,https://nzdpu.com/data-explorer,Scope 1,tCO2e
50,"BERRY GLOBAL GROUP, INC.",39900,141034,153655,231613,260954,265426,172225,,berry global,Global,berry global,United States of America,Company,100,Fully matched,Yes,"Berry Global Group, Inc.",Emissions data found,172225,2021,https://nzdpu.com/data-explorer,Scope 1,tCO2e
52,BIOGEN INC.,57574,61970,61577,68448,67447,57553,63182,,biogen,Global,biogen,United States of America,Company,100,Fully matched,Yes,Biogen Inc.,Emissions data found,63182,2021,https://nzdpu.com/data-explorer,Scope 1,tCO2e
53,BNP PARIBAS,55085.47,62450,65422,62148,61187,49041,50144,,bnp paribas,Global,bnp paribas,France,Financial Institution,100,Fully matched,Yes,BNP Paribas,Emissions data found,50144,2021,https://nzdpu.com/data-explorer,Scope 1,tCO2e
54,BOOZ ALLEN HAMILTON HOLDING CORPORATION,,0,0,0,1.76,,32,40.54,booz allen hamilton,Global,booz allen hamilton,United States of America,Company,100,Fully matched,Yes,Booz Allen Hamilton Holding Corporation,Emissions data found,40.54,2022,https://nzdpu.com/data-explorer,Scope 1,tCO2e
55,BOSTON SCIENTIFIC CORPORATION,,30704.4,,31257,35662,35908,35395,,boston scientific,Global,boston scientific,United States of America,Company,100,Fully matched,Yes,Boston Scientific Corporation,Emissions data found,35395,2021,https://nzdpu.com/data-explorer,Scope 1,tCO2e
56,BRF S.A.,361059,439962.58,441663.16,280499.2,298843.64,282709.85,318393.38,,brf s.a.,Global,brf s.a.,Brazil,Company,100,Fully matched,Yes,BRF S.A.,Emissions data found,318393.38,2021,https://nzdpu.com/data-explorer,Scope 1,tCO2e
57,BRITISH AMERICAN TOBACCO P.L.C.,330495,311172,426660,415195,396398,342034,324985,,british american tobacco,Global,british american tobacco bat,United Kingdom,Company,92,"Likely a match, but manual check needed",Yes,British American Tobacco (BAT),Emissions data found,324985,2021,https://nzdpu.com/data-explorer,Scope 1,tCO2e
58,BROWN-FORMAN CORPORATION,93193.12,94202,99053.42,103596,109092,115729,103699,,brown-forman,Global,brown-forman,United States of America,Company,100,Fully matched,Yes,Brown-Forman,Emissions data found,103699,2021,https://nzdpu.com/data-explorer,Scope 1,tCO2e
60,BUNZL PUBLIC LIMITED COMPANY,93641,89186,92687.02,99848.07,99193,90568,87125,,bunzl,Global,bunzl,United Kingdom,Company,100,Fully matched,Yes,Bunzl plc,Emissions data found,87125,2021,https://nzdpu.com/data-explorer,Scope 1,tCO2e
61,BURBERRY GROUP PLC,2337,2141,2128,2144,2155,2061,2089,1834,burberry,Global,burberry,United Kingdom,Company,100,Fully matched,Yes,Burberry Plc,Emissions data found,1834,2022,https://nzdpu.com/data-explorer,Scope 1,tCO2e
62,BUREAU VERITAS,20379,31545,40334,39323,66700,58694,68779,,bureau veritas,Global,bureau veritas,France,Company,100,Fully matched,Yes,BUREAU VERITAS,Emissions data found,68779,2021,https://nzdpu.com/data-explorer,Scope 1,tCO2e
63,Canadian National Railway Company,5526925,5064024,5499641,5776183,5771894,5234302,5084159,,canadian national railway,Global,canadian national railway,Canada,Company,100,Fully matched,Yes,Canadian National Railway Company,Emissions data found,5084159,2021,https://nzdpu.com/data-explorer,Scope 1,tCO2e
64,CAPGEMINI,5973.1,6222,6772,7343.41,12424.668,8479.275,10622.2,,capgemini,Global,capgemini,France,Company,100,Fully matched,Yes,Capgemini SE,Emissions data found,10622.2,2021,https://nzdpu.com/data-explorer,Scope 1,tCO2e
65,CAPITA PLC,,,,20397,,18979,15021,,capita,Global,capita,United Kingdom,Company,100,Fully matched,Yes,Capita Plc,Emissions data found,15021,2021,https://nzdpu.com/data-explorer,Scope 1,tCO2e
66,Cargotec Oyj,,,,20100,22000,21300,21300,,cargotec,Global,cargotec,Finland,Company,100,Fully matched,Yes,Cargotec,Emissions data found,21300,2021,https://nzdpu.com/data-explorer,Scope 1,tCO2e
67,CARREFOUR,1686641,1132250,1189912.5,1006784,827791.45,698695.15,613932,,carrefour,Global,carrefour,France,Company,100,Fully matched,Yes,Carrefour,Emissions data found,613932,2021,https://nzdpu.com/data-explorer,Scope 1,tCO2e
68,"CATALENT PHARMA SOLUTIONS, INC.",46292,49176,58782,,,69000,65500,,catalent pharma solutions,Global,catalent pharma solutions,United States of America,Company,100,Fully matched,Yes,Catalent Pharma Solutions,Emissions data found,65500,2021,https://nzdpu.com/data-explorer,Scope 1,tCO2e
69,CELLNEX TELECOM SA,2575.89,3173.14,2013,2545,2814,3755.75,3494,,cellnex telecom,Global,cellnex telecom,Spain,Company,100,Fully matched,Yes,CELLNEX TELECOM S.A.,Emissions data found,3494,2021,https://nzdpu.com/data-explorer,Scope 1,tCO2e
71,CEMEX S A B DE C V,44113781,44185846,42890752,43402376,39025281,37489660.1,38399669.5,,cemex,Global,cemex,Mexico,Company,100,Fully matched,Yes,"CEMEX, S.A.B de C.V.",Emissions data found,38399669.5,2021,https://nzdpu.com/data-explorer,Scope 1,tCO2e
73,"ČEZ, a. s.",28677888,30362173,27866642,26857011,26135742,23440389,18994509,,čez,Global,cez,Czechia,Company,67,"Unlikely a match, but manual check needed",Yes,CEZ Group,Emissions data found,18994509,2021,https://nzdpu.com/data-explorer,Scope 1,tCO2e
74,CHANEL,,,,,20053.304,20493.106,19468.965,,chanel,Global,chanel,United Kingdom,Company,100,Fully matched,Yes,CHANEL,Emissions data found,19468.965,2021,https://nzdpu.com/data-explorer,Scope 1,tCO2e
75,"CHARLES RIVER LABORATORIES INTERNATIONAL, INC.",,,59333,75797.4,87130.86,89720,90584,,charles river laboratories,Global,charles river laboratories,United States of America,Company,100,Fully matched,Yes,"Charles River Laboratories, Inc.",Emissions data found,90584,2021,https://nzdpu.com/data-explorer,Scope 1,tCO2e
76,Chocoladefabriken Lindt & Sprüngli AG,,44505,44587,45839.46,42519,46288,60484,,chocoladefabriken lindt sprüngli,Global,chocoladefabriken lindt sprüngli,Switzerland,Company,100,Fully matched,Yes,Chocoladefabriken Lindt & Sprüngli AG,Emissions data found,60484,2021,https://nzdpu.com/data-explorer,Scope 1,tCO2e
77,"CISCO SYSTEMS, INC.",43734,53123,41914,41171,46652,38743,26694,,cisco systems,Global,cisco systems,United States of America,Company,100,Fully matched,Yes,"Cisco Systems, Inc.",Emissions data found,26694,2021,https://nzdpu.com/data-explorer,Scope 1,tCO2e
78,CLIFFORD CHANCE LLP,,,901,,1322,1301,741,716,clifford chance,Global,clifford chance,United Kingdom,Company,100,Fully matched,Yes,Clifford Chance LLP,Emissions data found,716,2022,https://nzdpu.com/data-explorer,Scope 1,tCO2e
79,COCA-COLA EUROPACIFIC PARTNERS PLC,102542,260105,229657,232187,238046,196919,205244,,coca-cola europacific partners,Global,coca-cola europacific partners,United Kingdom,Company,100,Fully matched,Yes,Coca-Cola Europacific Partners,Emissions data found,205244,2021,https://nzdpu.com/data-explorer,Scope 1,tCO2e
80,COCA-COLA HBC AG,317763.36,286630.236,280478.461,268719.964,248871.651,233499.555,254835.353,,coca-cola hbc,Global,coca-cola hbc,Switzerland,Company,100,Fully matched,Yes,Coca-Cola HBC AG,Emissions data found,254835.353,2021,https://nzdpu.com/data-explorer,Scope 1,tCO2e
82,COGNIZANT TECHNOLOGY SOLUTIONS CORPORATION,30121,34385,,,,7437,10600,,cognizant technology solutions,Global,cognizant technology solutions,United States of America,Company,100,Fully matched,Yes,Cognizant Technology Solutions Corporation,Emissions data found,10600,2021,https://nzdpu.com/data-explorer,Scope 1,tCO2e
83,COLGATE-PALMOLIVE COMPANY,214015,209757,201427,196333,197523,204100,218500,,colgate-palmolive,Global,colgate palmolive,United States of America,Company,100,Fully matched,Yes,Colgate Palmolive Company,Emissions data found,218500,2021,https://nzdpu.com/data-explorer,Scope 1,tCO2e
84,COLOPLAST A/S,8446,9318,11500,10700,11300,21300,23100,,coloplast,Global,coloplast,Denmark,Company,100,Fully matched,Yes,Coloplast A/S,Emissions data found,23100,2021,https://nzdpu.com/data-explorer,Scope 1,tCO2e
85,COMPAGNIE DE SAINT-GOBAIN,9528115,9373878,9564450,8581722,8051569,7915725,8402819,,saint-gobain,Global,saint-gobain,France,Company,100,Fully matched,Yes,SAINT-GOBAIN,Emissions data found,8402819,2021,https://nzdpu.com/data-explorer,Scope 1,tCO2e
86,COMPAGNIE GENERALE DES ETABLISSEMENTS MICHELIN,1628647,1525901,1502493,1491138,1429707,1204534,1346122.735,,generale etablissements michelin,Global,generate leads online,France,Company,57,"Unlikely a match, but manual check needed",Yes,Michelin,Emissions data found,1346122.735,2021,https://nzdpu.com/data-explorer,Scope 1,tCO2e
87,COMPAGNIE PLASTIC OMNIUM SE,,,,86313,89997,71750,75382,,plastic omnium,Global,plastic omnium,France,Company,100,Fully matched,Yes,Plastic Omnium SE,Emissions data found,75382,2021,https://nzdpu.com/data-explorer,Scope 1,tCO2e
88,COMPASS GROUP PLC,118360,133277,128154,129516,174627,106047,88616,,compass,Global,compass,United Kingdom,Company,100,Fully matched,Yes,Compass Group PLC,Emissions data found,88616,2021,https://nzdpu.com/data-explorer,Scope 1,tCO2e
89,COMPUTACENTER PLC,,,3352,3072,3306,5640,1908,,computacenter,Global,computacenter,United Kingdom,Company,100,Fully matched,Yes,Computacenter PLC,Emissions data found,1908,2021,https://nzdpu.com/data-explorer,Scope 1,tCO2e
93,CREDIT AGRICOLE SA,8529,18056,15325,17674,16495,14475,20601,,agricole,Global,particle,France,Financial Institution,75,"Unlikely a match, but manual check needed",Yes,Crédit Agricole,Emissions data found,20601,2021,https://nzdpu.com/data-explorer,Scope 1,tCO2e
94,CRODA INTERNATIONAL PUBLIC LIMITED COMPANY,121791,128550,134562,154681,141910,149621,160835,,croda,Global,croda,United Kingdom,Company,100,Fully matched,Yes,Croda International Plc,Emissions data found,160835,2021,https://nzdpu.com/data-explorer,Scope 1,tCO2e
95,"CROWN HOLDINGS, INC.",383304,530782,528692,576724,632491,613922,545488,,crown,Global,crown,United States of America,Company,100,Fully matched,Yes,"Crown Holdings, Inc",Emissions data found,545488,2021,https://nzdpu.com/data-explorer,Scope 1,tCO2e
96,CUMMINS INC.,295463,303885,304806,305970,302907,258437,269312,,cummins,Global,cummins,United States of America,Company,100,Fully matched,Yes,Cummins,Emissions data found,269312,2021,https://nzdpu.com/data-explorer,Scope 1,tCO2e
97,CURRYS PLC,,23411,22688,24537,22720.12,20741.78,20952.12,18156.6,currys,Global,currys,United Kingdom,Company,100,Fully matched,Yes,Currys plc,Emissions data found,18156.6,2022,https://nzdpu.com/data-explorer,Scope 1,tCO2e
98,CVS HEALTH CORPORATION,214156,198055,206086,177347.26,157199.32,165384,188377,,cvs health,Global,cvs health,United States of America,Company,100,Fully matched,Yes,CVS Health,Emissions data found,188377,2021,https://nzdpu.com/data-explorer,Scope 1,tCO2e
99,DANA INCORPORATED,,,207499,124045.4,159574,133223,145236,,dana,Global,dana,United States of America,Company,100,Fully matched,Yes,Dana Incorporated,Emissions data found,145236,2021,https://nzdpu.com/data-explorer,Scope 1,tCO2e
100,DANFOSS A/S,32388,28045,27781,30975,55224,48009,45100,,danfoss,Global,danfoss,Denmark,Company,100,Fully matched,Yes,Danfoss,Emissions data found,45100,2021,https://nzdpu.com/data-explorer,Scope 1,tCO2e
101,DANONE,561641,547480,643597,753461.02,722102.788,668354,682674,,danone,Global,danone,France,Company,100,Fully matched,Yes,Danone,Emissions data found,682674,2021,https://nzdpu.com/data-explorer,Scope 1,tCO2e
102,DASSAULT SYSTEMES,4790,,4900,7501,5403,4629,3859,,dassault systemes,Global,dassault systemes,France,Company,100,Fully matched,Yes,Dassault Systemes,Emissions data found,3859,2021,https://nzdpu.com/data-explorer,Scope 1,tCO2e
103,DECATHLON,,,,27025.856,25017.405,26391,31520,,decathlon,Global,decathlon,France,Company,100,Fully matched,Yes,DECATHLON,Emissions data found,31520,2021,https://nzdpu.com/data-explorer,Scope 1,tCO2e
104,Dell Technologies Inc.,,,61131,52985,58965,57990,44870,45640,dell technologies,Global,dell technologies,United States of America,Company,100,Fully matched,Yes,Dell Technologies,Emissions data found,45640,2022,https://nzdpu.com/data-explorer,Scope 1,tCO2e
105,DELOITTE TOUCHE TOHMATSU,84724,50915,51033,62456,61901,48586,32677,,deloitte touche tohmatsu,Global,getter.com.au,United States of America,Company,54,"Unlikely a match, but manual check needed",Yes,Deloitte (Deloitte Global and Deloitte member firms),Emissions data found,32677,2021,https://nzdpu.com/data-explorer,Scope 1,tCO2e
106,"Delta Air Lines, Inc.",35079945,35436857.47,35782446.15,36994401.16,38161781,17549100,24561255,,delta air lines,Global,delta air lines,United States of America,Company,100,Fully matched,Yes,Delta Air Lines,Emissions data found,24561255,2021,https://nzdpu.com/data-explorer,Scope 1,tCO2e
107,"DELTA ELECTRONICS, INC.",21673,19900,25308,25670,18598,14183,17808,,delta electronics,Global,delta electronics,nan,Company,100,Fully matched,Yes,Delta Electronics,Emissions data found,17808,2021,https://nzdpu.com/data-explorer,Scope 1,tCO2e
108,DENTSU INTERNATIONAL LIMITED,3595,4166,4741,4555,4544,3185,2885,,dentsu,Global,dentsu,United Kingdom,Company,100,Fully matched,Yes,Dentsu International,Emissions data found,2885,2021,https://nzdpu.com/data-explorer,Scope 1,tCO2e
109,Deutsche Post AG,5600000,5680000,5900000,6300000,6270000,6590000,7300000,,deutsche post,Global,deutsche post dhl,Germany,Company,87,"Unlikely a match, but manual check needed",Yes,Deutsche Post DHL Group,Emissions data found,7300000,2021,https://nzdpu.com/data-explorer,Scope 1,tCO2e
110,DEUTSCHE TELEKOM AG,299729.99,289975.45,283848.54,276726.71,256476,235261,218731,,deutsche telekom,Global,deutsche telekom,Germany,Company,100,Fully matched,Yes,Deutsche Telekom AG,Emissions data found,218731,2021,https://nzdpu.com/data-explorer,Scope 1,tCO2e
111,DIAGEO PLC,651120,595166,555064,553270,511593,476782,445000,,diageo,Global,diageo,United Kingdom,Company,100,Fully matched,Yes,Diageo Plc,Emissions data found,445000,2021,https://nzdpu.com/data-explorer,Scope 1,tCO2e
112,DMG MORI AKTIENGESELLSCHAFT,,,,,,,19775,,dmg mori aktiengesellschaft,Global,dmg mori aktiengesellschaft,Germany,Company,100,Fully matched,Yes,DMG MORI AKTIENGESELLSCHAFT,Emissions data found,19775,2021,https://nzdpu.com/data-explorer,Scope 1,tCO2e
113,DOMINO'S PIZZA GROUP PLC,7483,7571,7531,9172,9973,10700,12948,,domino's pizza,Global,domino's pizza,United Kingdom,Company,100,Fully matched,Yes,Domino's Pizza Group plc,Emissions data found,12948,2021,https://nzdpu.com/data-explorer,Scope 1,tCO2e
115,DR. REDDY'S LABORATORIES LIMITED,177841,135140,154808,298791,305159,330206.5,349974,302466,dr. reddy's laboratories,Global,dr. reddy’s laboratories,India,Company,100,Fully matched,Yes,Dr. Reddy’s Laboratories Ltd.,Emissions data found,302466,2022,https://nzdpu.com/data-explorer,Scope 1,tCO2e
116,DRAX GROUP PLC,,,,4232466,2049379,2761883,931838,,drax,Global,drax,United Kingdom,Company,100,Fully matched,Yes,Drax Group plc,Emissions data found,931838,2021,https://nzdpu.com/data-explorer,Scope 1,tCO2e
117,DS SMITH PLC,1539751,1570105,1659605,1750321,1833166,2266723,2047265,2023278,ds smith,Global,ds smith,United Kingdom,Company,100,Fully matched,Yes,DS Smith,Emissions data found,2023278,2022,https://nzdpu.com/data-explorer,Scope 1,tCO2e
118,Dürr Aktiengesellschaft,,14512,13893,12885,14321,13108,25553,,dürr aktiengesellschaft,Global,dmg mori aktiengesellschaft,Germany,Company,84,"Unlikely a match, but manual check needed",Yes,Dürr AG,Emissions data found,25553,2021,https://nzdpu.com/data-explorer,Scope 1,tCO2e
119,E.ON SE,79983033,4613319.64,5040000,4881347,4915544.94,3561558.79,3709865.98,,e.on,Global,e.on,Germany,Company,100,Fully matched,Yes,E.ON SE,Emissions data found,3709865.98,2021,https://nzdpu.com/data-explorer,Scope 1,tCO2e
120,EASYJET PLC,6100000,,,7599053,8324525,4247159,2114961,,easyjet,Global,easyjet,United Kingdom,Company,100,Fully matched,Yes,easyJet plc,Emissions data found,2114961,2021,https://nzdpu.com/data-explorer,Scope 1,tCO2e
121,EATON CORPORATION PUBLIC LIMITED COMPANY,126000,152714,150674,308303.142,321897.301,281944.926,284695.322,,eaton,Global,eaton,Ireland,Company,100,Fully matched,Yes,Eaton,Emissions data found,284695.322,2021,https://nzdpu.com/data-explorer,Scope 1,tCO2e
122,ECOLAB INC.,440206,441129,393980,320443,319180,281241,282199,,ecolab,Global,ecolab,United States of America,Company,100,Fully matched,Yes,Ecolab Inc.,Emissions data found,282199,2021,https://nzdpu.com/data-explorer,Scope 1,tCO2e
124,EDP - ENERGIAS DO BRASIL S.A.,4528735.73,5218272.84,5432086.68,4008551.74,4384433.4,1875717.97,4087065.825,,edp energias do brasil,Global,edp energias do brasil,Brazil,Company,100,Fully matched,Yes,EDP Energias do Brasil S.A.,Emissions data found,4087065.825,2021,https://nzdpu.com/data-explorer,Scope 1,tCO2e
125,"EDP – ENERGIAS DE PORTUGAL, S.A.",21550378,18931326,23158909,18429224,14362658,9310612,9819292,,edp energias portugal,Global,edp energias portugal,Portugal,Company,100,Fully matched,Yes,EDP - Energias de Portugal S.A.,Emissions data found,9819292,2021,https://nzdpu.com/data-explorer,Scope 1,tCO2e
126,ELECTRICITE DE FRANCE,60204967,49958932,51318249.7,35699738,33090244,27690997,27381075,,electricite france,Global,electricity generating,France,Company,70,"Unlikely a match, but manual check needed",Yes,EDF Group,Emissions data found,27381075,2021,https://nzdpu.com/data-explorer,Scope 1,tCO2e
127,Elisa Oyj,409,391,411,433,650,666,597,,elisa,Global,elisa,Finland,Company,100,Fully matched,Yes,Elisa Corporation,Emissions data found,597,2021,https://nzdpu.com/data-explorer,Scope 1,tCO2e
128,ENEL - SPA,119508728,106694737,105509815,94794693,69981902,45255000,51570265,,enel,Global,enel,Italy,Company,100,Fully matched,Yes,Enel SpA,Emissions data found,51570265,2021,https://nzdpu.com/data-explorer,Scope 1,tCO2e
129,ENGIE,132757296,120150104,89236437,57205670,46188978,38589016,37528756,,engie,Global,nge,France,SME,75,"Unlikely a match, but manual check needed",Yes,ENGIE Rassembleurs d'Energie,Emissions data found,37528756,2021,https://nzdpu.com/data-explorer,Scope 1,tCO2e
131,Epiroc Aktiebolag,,,,,6027,6964,6561,,epiroc aktiebolag,Global,zero waste box,Sweden,Company,58,"Unlikely a match, but manual check needed",Yes,Epiroc AB,Emissions data found,6561,2021,https://nzdpu.com/data-explorer,Scope 1,tCO2e
132,Essity Aktiebolag (publ),,,1515320,1442555,1452199,1366982,1410401,,essity aktiebolag,Global,systembolaget,Sweden,Company,60,"Unlikely a match, but manual check needed",Yes,Essity AB,Emissions data found,1410401,2021,https://nzdpu.com/data-explorer,Scope 1,tCO2e
133,"ETSY, INC.",,,,371.87,370.89,294,350,,etsy,Global,etsy,United States of America,Company,100,Fully matched,Yes,"Etsy, Inc.",Emissions data found,350,2021,https://nzdpu.com/data-explorer,Scope 1,tCO2e
134,EUROPCAR MOBILITY GROUP,,,,,20521,14904.61,94524,,europcar mobility,Global,europcar mobility,France,Company,100,Fully matched,Yes,Europcar Mobility Group,Emissions data found,94524,2021,https://nzdpu.com/data-explorer,Scope 1,tCO2e
136,"FAST RETAILING Co.,Ltd.",11767,11474,13209,12419,12295,13026,10029,,fast retailing,Global,fast retailing,Japan,Company,100,Fully matched,Yes,Fast Retailing,Emissions data found,10029,2021,https://nzdpu.com/data-explorer,Scope 1,tCO2e
138,FLSMIDTH & CO. A/S,13460,32848,27236,29875,16321,10871,11130,,flsmidth,Global,flsmidth,Denmark,Company,100,Fully matched,Yes,FLSmidth,Emissions data found,11130,2021,https://nzdpu.com/data-explorer,Scope 1,tCO2e
139,Flutter Entertainment Public Limited Company,,,,,,483.4,853.7,,flutter entertainment,Global,flutter entertainment,Ireland,Company,100,Fully matched,Yes,Flutter Entertainment plc,Emissions data found,853.7,2021,https://nzdpu.com/data-explorer,Scope 1,tCO2e
140,FMC CORPORATION,270526,273146,236324,173308,82989,83584.41,102605,,fmc,Global,fmc,United States of America,Company,100,Fully matched,Yes,FMC Corporation,Emissions data found,102605,2021,https://nzdpu.com/data-explorer,Scope 1,tCO2e
141,FORD MOTOR COMPANY,1407403,1304409,1391127,1419442.81,1394701.7,1111529.01,1069906.74,,ford motor,Global,ford motor,United States of America,Company,100,Fully matched,Yes,Ford Motor Company,Emissions data found,1069906.74,2021,https://nzdpu.com/data-explorer,Scope 1,tCO2e
142,FORVIA,,,,126793,146000,131000,173000,,forvia,Global,forvia,France,Company,100,Fully matched,Yes,Forvia,Emissions data found,173000,2021,https://nzdpu.com/data-explorer,Scope 1,tCO2e
143,GEA Group Aktiengesellschaft,,37530,33332,39983,36711,30394,35077,,gea aktiengesellschaft,Global,heristo aktiengesellschaft,Germany,Company,83,"Unlikely a match, but manual check needed",Yes,GEA Group,Emissions data found,35077,2021,https://nzdpu.com/data-explorer,Scope 1,tCO2e
144,"General Mills, Inc.",316437,317016,324749,300309,300532,334903,364311,,mills,Global,mills,United States of America,Company,100,Fully matched,Yes,General Mills Inc.,Emissions data found,364311,2021,https://nzdpu.com/data-explorer,Scope 1,tCO2e
145,GENERAL MOTORS COMPANY,1863495,1815001,1848804,1763555,1589700,1214124,1252906,,motors,Global,motors,United States of America,Company,100,Fully matched,Yes,General Motors,Emissions data found,1252906,2021,https://nzdpu.com/data-explorer,Scope 1,tCO2e
146,GIVAUDAN SA,99740,100592,107220,108706,102103,98180,139608,,givaudan,Global,givaudan,Switzerland,Company,100,Fully matched,Yes,Givaudan SA,Emissions data found,139608,2021,https://nzdpu.com/data-explorer,Scope 1,tCO2e
147,Groupe WSP Global Inc.,18339,23476,25968,24885,27565,24738,23969,,groupe wsp global,Global,wsp global,Canada,Company,74,"Unlikely a match, but manual check needed",Yes,WSP Global Inc.,Emissions data found,23969,2021,https://nzdpu.com/data-explorer,Scope 1,tCO2e
148,GRUPO BIMBO S A B DE C V,995799,,,1434691,1083998,1088533.8,1108620,,grupo bimbo,Global,grupo bimbo,Mexico,Company,100,Fully matched,Yes,Grupo Bimbo SAB de CV,Emissions data found,1108620,2021,https://nzdpu.com/data-explorer,Scope 1,tCO2e
150,"GUESS ?, INC.",,,,1212,1532,1576,1137.25,1124,guess ?,Global,guess?,United States of America,Company,100,Fully matched,Yes,"Guess?, Inc.",Emissions data found,1124,2022,https://nzdpu.com/data-explorer,Scope 1,tCO2e
151,H & M Hennes & Mauritz AB,9308,10491.7,12484,11818,13380,11973,21171,,h m hennes mauritz,Global,penny markt,Sweden,Company,55,"Unlikely a match, but manual check needed",Yes,H&M group,Emissions data found,21171,2021,https://nzdpu.com/data-explorer,Scope 1,tCO2e
152,H. LUNDBECK A/S,7025,6626,6266,7110,7235,6260,24689,,h. lundbeck,Global,lundbeck,Denmark,Company,84,"Unlikely a match, but manual check needed",Yes,Lundbeck A/S,Emissions data found,24689,2021,https://nzdpu.com/data-explorer,Scope 1,tCO2e
153,Heidelberg Materials AG,54246676,60138071,74986807,77150797,73097088,68393868,69045109,,heidelberg materials,Global,heidelberg materials,Germany,Company,100,Fully matched,Yes,Heidelberg Materials,Emissions data found,69045109,2021,https://nzdpu.com/data-explorer,Scope 1,tCO2e
154,Heineken N.V.,1034050,1058986,1021508,1042933,1059578,1049984,1094881,,heineken,Global,heineken,Netherlands,Company,100,Fully matched,Yes,HEINEKEN N.V.,Emissions data found,1094881,2021,https://nzdpu.com/data-explorer,Scope 1,tCO2e
155,Henkel AG & Co. KGaA,353000,355000,365000,353000,351000,345000,343000,,henkel,Global,henkel,Germany,Company,100,Fully matched,Yes,Henkel AG & Co. KGaA,Emissions data found,343000,2021,https://nzdpu.com/data-explorer,Scope 1,tCO2e
157,HEWLETT PACKARD ENTERPRISE COMPANY,51116,37300,79964,74106,56577,38006,30302,,hewlett packard,Global,hewlett packard,United States of America,Company,100,Fully matched,Yes,Hewlett Packard Enterprise Company,Emissions data found,30302,2021,https://nzdpu.com/data-explorer,Scope 1,tCO2e
158,HINDUSTAN ZINC LIMITED,4379361,4470196,4288645,4829878,4704635,4480887,4489443,4320182,hindustan zinc,Global,hindustan zinc,India,Company,100,Fully matched,Yes,Hindustan Zinc Limited,Emissions data found,4320182,2022,https://nzdpu.com/data-explorer,Scope 1,tCO2e
159,"Hitachi,Ltd.",808472,773517,1326960,2117169,1922097,1529577,1219423,1322612,hitachi,Global,hitachi,Japan,Company,100,Fully matched,Yes,"Hitachi, Ltd.",Emissions data found,1322612,2022,https://nzdpu.com/data-explorer,Scope 1,tCO2e
160,Holcim Ltd,164465688,153005504,141331412,134591919,120820137,109508107,119427598,,holcim,Global,holcim,Switzerland,Company,100,Fully matched,Yes,Holcim Ltd.,Emissions data found,119427598,2021,https://nzdpu.com/data-explorer,Scope 1,tCO2e
161,Holmen Aktiebolag,180000,124000,85937,92092,86799,79837,96458,,holmen aktiebolag,Global,holmes studio,Sweden,Company,60,"Unlikely a match, but manual check needed",Yes,Holmen AB,Emissions data found,96458,2021,https://nzdpu.com/data-explorer,Scope 1,tCO2e
163,HP INC.,66900,60700,66200,65900,61900,50600,48700,,hp,Global,hp,United States of America,Company,100,Fully matched,Yes,HP Inc,Emissions data found,48700,2021,https://nzdpu.com/data-explorer,Scope 1,tCO2e
164,HUGO BOSS AG,,11541,12001,12448,12009,10155,10225,,hugo boss,Global,hugo boss,Germany,Company,100,Fully matched,Yes,Hugo Boss AG,Emissions data found,10225,2021,https://nzdpu.com/data-explorer,Scope 1,tCO2e
165,Husqvarna AB,,34477,34267,28498,26932,23890,22562,,husqvarna,Global,husqvarna,Sweden,Company,100,Fully matched,Yes,Husqvarna AB,Emissions data found,22562,2021,https://nzdpu.com/data-explorer,Scope 1,tCO2e
166,"HYUNDAI MOBIS CO.,LTD",30617,36133,41501,53375,45095,46827,52725,,hyundai mobis,Global,hyundai mobis,South Korea,Company,100,Fully matched,Yes,"HYUNDAI MOBIS Co.,Ltd.",Emissions data found,52725,2021,https://nzdpu.com/data-explorer,Scope 1,tCO2e
167,IBERDROLA SA,31741261,25626096,15439000,13646000,13427107,13002609,13253352,,iberdrola,Global,iberdrola,Spain,Company,100,Fully matched,Yes,Iberdrola SA,Emissions data found,13253352,2021,https://nzdpu.com/data-explorer,Scope 1,tCO2e
168,"Illumina, Inc.",,,,,12489,19701,20296,,illumina,Global,illumina,United States of America,Company,100,Fully matched,Yes,"Illumina, Inc.",Emissions data found,20296,2021,https://nzdpu.com/data-explorer,Scope 1,tCO2e
169,IMI PLC,18250,17168,16500,,,12465,12958,,imi,Global,imi,United Kingdom,Company,100,Fully matched,Yes,IMI plc,Emissions data found,12958,2021,https://nzdpu.com/data-explorer,Scope 1,tCO2e
170,IMPERIAL BRANDS PLC,127730,,130468,117923.5,108241,99577,95987,91128.714,imperial brands,Global,imperial brands,United Kingdom,Company,100,Fully matched,Yes,Imperial Brands,Emissions data found,91128.714,2022,https://nzdpu.com/data-explorer,Scope 1,tCO2e
172,INFORMA PLC,,2997.39,3204.891,4775.893,4134.425,2822.267,2691.832,,informa,Global,informa,United Kingdom,Company,100,Fully matched,Yes,Informa plc,Emissions data found,2691.832,2021,https://nzdpu.com/data-explorer,Scope 1,tCO2e
174,INGKA HOLDING B.V.,,209484,,,129233,,182466,,ingka,Global,ingka,Netherlands,Company,100,Fully matched,Yes,Ingka Group,Emissions data found,182466,2021,https://nzdpu.com/data-explorer,Scope 1,tCO2e
177,INTERNATIONAL FLAVORS & FRAGRANCES INC.,144395,111110,115704,150840,151002,162286,889095,,flavors fragrances,Global,flavors fragrances,United States of America,Company,100,Fully matched,Yes,International Flavors & Fragrances Inc.,Emissions data found,889095,2021,https://nzdpu.com/data-explorer,Scope 1,tCO2e
178,INTERTEK GROUP PLC,63728,72096,55661.73,62923,64696.89,,59952,,intertek,Global,intertek,United Kingdom,Company,100,Fully matched,Yes,Intertek Group plc,Emissions data found,59952,2021,https://nzdpu.com/data-explorer,Scope 1,tCO2e
179,INTUIT INC.,4112,3372,3176,2045,1912,1770,1304.15,,intuit,Global,intuit,United States of America,Company,100,Fully matched,Yes,Intuit,Emissions data found,1304.15,2021,https://nzdpu.com/data-explorer,Scope 1,tCO2e
180,IPSEN,,13239,14180,14750,18553,14916,15408,,ipsen,Global,ipsen,France,Company,100,Fully matched,Yes,Ipsen SA,Emissions data found,15408,2021,https://nzdpu.com/data-explorer,Scope 1,tCO2e
181,ITV PLC,,,,,8930,2554,2415.6,,itv,Global,itv,United Kingdom,Company,100,Fully matched,Yes,ITV,Emissions data found,2415.6,2021,https://nzdpu.com/data-explorer,Scope 1,tCO2e
182,J SAINSBURY PLC,567629,601091,647883,582564,556229,522384,527173,518033.32,j sainsbury,Global,j sainsbury,United Kingdom,Company,100,Fully matched,Yes,J Sainsbury plc,Emissions data found,518033.32,2022,https://nzdpu.com/data-explorer,Scope 1,tCO2e
185,Johnson & Johnson,449668,452900,460076,445054,415094,363924,367674,,johnson johnson,Global,johnson johnson,United States of America,Company,100,Fully matched,Yes,Johnson & Johnson,Emissions data found,367674,2021,https://nzdpu.com/data-explorer,Scope 1,tCO2e
186,JOHNSON CONTROLS INTERNATIONAL PUBLIC LIMITED COMPANY,220221,826050,682761,631752,642379,549358,451311,,johnson controls,Global,johnson controls,Ireland,Company,100,Fully matched,Yes,Johnson Controls International plc,Emissions data found,451311,2021,https://nzdpu.com/data-explorer,Scope 1,tCO2e
187,JOHNSON MATTHEY PLC,208502,204370,228778,215113,220317,199125,203930,219846,johnson matthey,Global,johnson matthey,United Kingdom,Company,100,Fully matched,Yes,Johnson Matthey Plc,Emissions data found,219846,2022,https://nzdpu.com/data-explorer,Scope 1,tCO2e
188,Kao Corporation,666000,648800,653145,651825,644039,616385,604624,,kao,Global,kao,Japan,Company,100,Fully matched,Yes,KAO Corporation,Emissions data found,604624,2021,https://nzdpu.com/data-explorer,Scope 1,tCO2e
189,KERING,17716,19229,21034,14624,16582,14257,19281,,kering,Global,kering,France,Company,100,Fully matched,Yes,Kering Group,Emissions data found,19281,2021,https://nzdpu.com/data-explorer,Scope 1,tCO2e
190,Kesko Oyj,43302,43002,48219,45139,47721,38538,38010,,kesko,Global,kesko,Finland,Company,100,Fully matched,Yes,Kesko Corporation,Emissions data found,38010,2021,https://nzdpu.com/data-explorer,Scope 1,tCO2e
191,KIER GROUP PLC,112651,109077.29,100082.13,97494,78944.17,55372.02,43231.2,,kier,Global,kier,United Kingdom,Company,100,Fully matched,Yes,Kier Group plc,Emissions data found,43231.2,2021,https://nzdpu.com/data-explorer,Scope 1,tCO2e
192,KINGFISHER PLC,142349,147153,144154,146334.858,153215.034,145688.384,139326.158,153132.518,kingfisher,Global,kingfisher,United Kingdom,Company,100,Fully matched,Yes,Kingfisher,Emissions data found,153132.518,2022,https://nzdpu.com/data-explorer,Scope 1,tCO2e
193,Kingspan Group plc,45339,40424,358412,334529,275725,328191,309494,,kingspan,Global,kingspan,Ireland,Company,100,Fully matched,Yes,Kingspan Group Plc,Emissions data found,309494,2021,https://nzdpu.com/data-explorer,Scope 1,tCO2e
194,"Kirin Holdings Company, Limited",497383,493830,406181,411747,410875,398216,367742,,kirin,Global,kirin,Japan,Company,100,Fully matched,Yes,Kirin Holdings Co Ltd,Emissions data found,367742,2021,https://nzdpu.com/data-explorer,Scope 1,tCO2e
195,Koninklijke Ahold Delhaize N.V.,,1940000,1634000,1816063,1699586,1579000,1728000,,koninklijke ahold delhaize,Global,koninklijke ahold delhaize,Netherlands,SME,100,Fully matched,Yes,Koninklijke Ahold Delhaize N.V.,Emissions data found,1728000,2021,https://nzdpu.com/data-explorer,Scope 1,tCO2e
196,Koninklijke KPN N.V.,29263,27322,25178,31238,26342,16781,13100,,koninklijke kpn,Global,koninklijke vezet,Netherlands,Company,75,"Unlikely a match, but manual check needed",Yes,Koninklijke KPN NV (Royal KPN),Emissions data found,13100,2021,https://nzdpu.com/data-explorer,Scope 1,tCO2e
197,Koninklijke Philips N.V.,39216,42009,37718,40245,35076,32286,26708,,koninklijke philips,Global,koninklijke heijmans,Netherlands,Company,77,"Unlikely a match, but manual check needed",Yes,Royal Philips N.V.,Emissions data found,26708,2021,https://nzdpu.com/data-explorer,Scope 1,tCO2e
198,KPMG LLP,4995.41,4211.62,3374.15,3234.98,3207.89,2451.19,1582.73,,kpmg,Global,kpmg,United Kingdom,Company,100,Fully matched,Yes,KPMG UK LLP,Emissions data found,1582.73,2021,https://nzdpu.com/data-explorer,Scope 1,tCO2e
199,KRONES Aktiengesellschaft,10979,12433,11101,,20076,18634,18085,,krones aktiengesellschaft,Global,heristo aktiengesellschaft,Germany,Company,82,"Unlikely a match, but manual check needed",Yes,Krones AG,Emissions data found,18085,2021,https://nzdpu.com/data-explorer,Scope 1,tCO2e
200,L'OREAL,61040,61963,57698,54282,49982,43134,27668,,l'oreal,Global,l'oréal,France,Company,86,"Unlikely a match, but manual check needed",Yes,L'Oréal,Emissions data found,27668,2021,https://nzdpu.com/data-explorer,Scope 1,tCO2e
201,LA POSTE,402310,,380921,366493,370354,377135.46,435029.77,,poste,Global,poste,France,Company,100,Fully matched,Yes,La Poste SA,Emissions data found,435029.77,2021,https://nzdpu.com/data-explorer,Scope 1,tCO2e
202,LEGRAND,53443,57336,58118,58781,54976,57571,51757,,legrand,Global,legrand,France,Company,100,Fully matched,Yes,Legrand,Emissions data found,51757,2021,https://nzdpu.com/data-explorer,Scope 1,tCO2e
203,Lenzing Aktiengesellschaft,,,1156067,1158996,1102763,882165,1084965,,lenzing aktiengesellschaft,Global,heristo aktiengesellschaft,Austria,Company,81,"Unlikely a match, but manual check needed",Yes,Lenzing AG,Emissions data found,1084965,2021,https://nzdpu.com/data-explorer,Scope 1,tCO2e
204,Levi Strauss & Co.,9881,9484,9301,10140,8191,8967,10703.24,,levi strauss,Global,levi strauss,United States of America,Company,100,Fully matched,Yes,Levi Strauss & Co.,Emissions data found,10703.24,2021,https://nzdpu.com/data-explorer,Scope 1,tCO2e
205,LG ELECTRONICS INC.,411762,340805,1104494,785312,611675,440166,332724,,electronics,Global,electronics,South Korea,Company,100,Fully matched,Yes,LG Electronics Inc.,Emissions data found,332724,2021,https://nzdpu.com/data-explorer,Scope 1,tCO2e
206,LULULEMON ATHLETICA INC.,1753.71,1618,,2898,3164,2875,3092.399,,lululemon athletica,Global,lululemon athletica,Canada,Company,100,Fully matched,Yes,lululemon athletica,Emissions data found,3092.399,2021,https://nzdpu.com/data-explorer,Scope 1,tCO2e
207,MACE LIMITED,4573.42,,8147.68,7721.5,6659.93,4372.898,4266.669,,mace,Global,mace,United Kingdom,Company,100,Fully matched,Yes,Mace Ltd,Emissions data found,4266.669,2021,https://nzdpu.com/data-explorer,Scope 1,tCO2e
208,MANPOWERGROUP INC.,19565,22514,14819,28521,21499,13314,18608,,manpowergroup,Global,manpowergroup,United States of America,Company,100,Fully matched,Yes,ManpowerGroup Inc.,Emissions data found,18608,2021,https://nzdpu.com/data-explorer,Scope 1,tCO2e
209,MARKS AND SPENCER GROUP P.L.C.,166958,182309,185342,156870,167469,172812,156568,173954,marks spencer,Global,marks spencer,United Kingdom,Company,100,Fully matched,Yes,Marks & Spencer,Emissions data found,173954,2022,https://nzdpu.com/data-explorer,Scope 1,tCO2e
210,"MARRIOTT INTERNATIONAL, INC.",680718,1279706,1358825,1351583,1326481,972725,1104234,,marriott,Global,marriott,United States of America,Company,100,Fully matched,Yes,"Marriott International, Inc.",Emissions data found,1104234,2021,https://nzdpu.com/data-explorer,Scope 1,tCO2e
211,"MARS, INCORPORATED",710000,744000,733463,692518,672892,668670,688938,,mars,Global,mars,United States of America,Company,100,Fully matched,Yes,Mars,Emissions data found,688938,2021,https://nzdpu.com/data-explorer,Scope 1,tCO2e
213,MASTERCARD INCORPORATED,,4485.92,6587.21,4828.39,4758.4,3221,5164,,mastercard,Global,mastercard,United States of America,Company,100,Fully matched,Yes,Mastercard,Emissions data found,5164,2021,https://nzdpu.com/data-explorer,Scope 1,tCO2e
214,MCDONALD'S CORPORATION,221553,210176,176060,114307,103530,97349,113286,,mcdonald's,Global,mcdonald's,United States of America,Company,100,Fully matched,Yes,McDonald's Corporation,Emissions data found,113286,2021,https://nzdpu.com/data-explorer,Scope 1,tCO2e
215,Meiji Holdings Co.Ltd.,,256300,,264000,262705,248160,238799,245032,meiji co.ltd.,Global,meijer&co,Japan,Company,67,"Unlikely a match, but manual check needed",Yes,"Meiji Holdings Co., Ltd.",Emissions data found,245032,2022,https://nzdpu.com/data-explorer,Scope 1,tCO2e
218,Metsä Board Oyj,317441,278725,300973,288579,248274,240036,255467,,metsä board,Global,metsä board,Finland,Company,100,Fully matched,Yes,Metsä Board Corporation,Emissions data found,255467,2021,https://nzdpu.com/data-explorer,Scope 1,tCO2e
219,METTLER-TOLEDO INTERNATIONAL INC.,30323,29298,29749,31163,29377,26019,27143,,mettler-toledo,Global,mettler-toledo,Switzerland,Company,100,Fully matched,Yes,Mettler-Toledo International Inc.,Emissions data found,27143,2021,https://nzdpu.com/data-explorer,Scope 1,tCO2e
220,MICROSOFT CORPORATION,90568,88486,97639,90723,113412,118100,123704,,microsoft,Global,microsoft,United States of America,Company,100,Fully matched,Yes,Microsoft Corporation,Emissions data found,123704,2021,https://nzdpu.com/data-explorer,Scope 1,tCO2e
222,MITIE GROUP PLC,41090,38688,41343,35974,35230,26441.23,18719,19414.23,mitie,Global,mitie,United Kingdom,Company,100,Fully matched,Yes,Mitie,Emissions data found,19414.23,2022,https://nzdpu.com/data-explorer,Scope 1,tCO2e
223,"Mitsubishi Estate Co., Ltd.",,,,,,118351,116914,120713,mitsubishi estate,Global,mitsubishi estate,Japan,Company,100,Fully matched,Yes,"MITSUBISHI ESTATE CO., LTD.",Emissions data found,120713,2022,https://nzdpu.com/data-explorer,Scope 1,tCO2e
225,MONDI PLC,4624152,4207789,3924127,3953189,4050738,3667020,3715327,,mondi,Global,mondi,United Kingdom,Company,100,Fully matched,Yes,Mondi plc,Emissions data found,3715327,2021,https://nzdpu.com/data-explorer,Scope 1,tCO2e
226,MORGAN SINDALL GROUP PLC,23505.83,17200.75,19559,19933.93,18123.71,16031.14,11243.2,,morgan sindall,Global,morgan sindall,United Kingdom,Company,100,Fully matched,Yes,Morgan Sindall Group plc,Emissions data found,11243.2,2021,https://nzdpu.com/data-explorer,Scope 1,tCO2e
227,MTN GROUP,645428,315603,324101,270721,466163,272695,308398.97,,mtn,Global,mtn,South Africa,Company,100,Fully matched,Yes,MTN Group Limited,Emissions data found,308398.97,2021,https://nzdpu.com/data-explorer,Scope 1,tCO2e
228,NATIONAL GRID PLC,7019012,7037716,6912627,4754670,4491965,3902773,4726946,5270747,national grid,Global,national grid,United Kingdom,Company,100,Fully matched,Yes,National Grid PLC,Emissions data found,5270747,2022,https://nzdpu.com/data-explorer,Scope 1,tCO2e
229,NEC Corporation,58000,59038.65,53914,58332,53923,25746,22361,22412,nec,Global,nec,Japan,Company,100,Fully matched,Yes,NEC Corporation,Emissions data found,22412,2022,https://nzdpu.com/data-explorer,Scope 1,tCO2e
230,NESTLÉ S.A.,3704351,3607901,3532062,3349632,3291303,3215404,3372000,,nestlé,Global,nestlé,Switzerland,Company,100,Fully matched,Yes,Nestlé,Emissions data found,3372000,2021,https://nzdpu.com/data-explorer,Scope 1,tCO2e
231,NEWS CORPORATION,29401,26951,28356.31,28144.91,28588.38,18640.33,16455.43,,news,Global,news,United States of America,Company,100,Fully matched,Yes,News Corp,Emissions data found,16455.43,2021,https://nzdpu.com/data-explorer,Scope 1,tCO2e
232,"NIKE, INC.",35623,37325,40139,41941,46714,47398,42720,,nike,Global,nike,United States of America,Company,100,Fully matched,Yes,"NIKE, Inc",Emissions data found,42720,2021,https://nzdpu.com/data-explorer,Scope 1,tCO2e
233,NIKON CORPORATION,23731,24210,31717.13,39425.33,38129.35,37050.91,33890.76,34735.6,nikon,Global,nikon,Japan,Company,100,Fully matched,Yes,Nikon Corporation,Emissions data found,34735.6,2022,https://nzdpu.com/data-explorer,Scope 1,tCO2e
234,Nokia Oyj,7000,189209,143483,135012.28,124991.948,116268,124254.102,,nokia,Global,nokia,Finland,Company,100,Fully matched,Yes,Nokia Group,Emissions data found,124254.102,2021,https://nzdpu.com/data-explorer,Scope 1,tCO2e
235,"Nomura Research Institute, Ltd.",1247.49,1685.86,1040.07,1613.89,1704.88,1882.4,1689.67,1621.83,nomura research institute,Global,nomura research institute,Japan,Company,100,Fully matched,Yes,"Nomura Research Institute, Ltd.",Emissions data found,1621.83,2022,https://nzdpu.com/data-explorer,Scope 1,tCO2e
236,NOVARTIS AG,533736,534832,540198,548073,484529,378265.499,352831.048,,novartis,Global,novartis,Switzerland,Company,100,Fully matched,Yes,Novartis AG,Emissions data found,352831.048,2021,https://nzdpu.com/data-explorer,Scope 1,tCO2e
237,NOVO NORDISK A/S,31253,22755,89594,85953,86987,76829,78465,,novo nordisk,Global,novo nordisk,Denmark,Company,100,Fully matched,Yes,Novo Nordisk A/S,Emissions data found,78465,2021,https://nzdpu.com/data-explorer,Scope 1,tCO2e
238,NOVOZYMES A/S,39518,191067,38905,38000,40000,37000,43000,,novozymes,Global,novozymes,Denmark,Company,100,Fully matched,Yes,Novozymes A/S,Emissions data found,43000,2021,https://nzdpu.com/data-explorer,Scope 1,tCO2e
239,"NRG ENERGY, INC.",89214053,68624168,51000000,49711181,42000000,29767523,,,nrg energy,Global,nrg energy,United States of America,Company,100,Fully matched,Yes,NRG Energy Inc,Emissions data found,29767523,2020,https://nzdpu.com/data-explorer,Scope 1,tCO2e
240,NTT DATA GROUP CORPORATION,6073,6073,10547,8802,5746,9057,7241,9613,ntt data,Global,ntt data,Japan,Company,100,Fully matched,Yes,NTT DATA Corporation,Emissions data found,9613,2022,https://nzdpu.com/data-explorer,Scope 1,tCO2e
242,OLAM INTERNATIONAL LIMITED,2097237,1341118,860271,1697091,1977401,2913188,2679203,,olam,Global,olam,Singapore,Company,100,Fully matched,Yes,Olam,Emissions data found,2679203,2021,https://nzdpu.com/data-explorer,Scope 1,tCO2e
243,"ONO PHARMACEUTICAL CO., LTD.",11710.69,8547.25,8524.76,8686,9485.06,10123.648,10136.024,9829.083,ono pharmaceutical,Global,ono pharmaceutical,Japan,Company,100,Fully matched,Yes,"ONO PHARMACEUTICAL CO., LTD.",Emissions data found,9829.083,2022,https://nzdpu.com/data-explorer,Scope 1,tCO2e
244,ORACLE CORPORATION,11741,11293,14763,17084,16520,10300,9489,,oracle,Global,oracle,United States of America,Company,100,Fully matched,Yes,Oracle,Emissions data found,9489,2021,https://nzdpu.com/data-explorer,Scope 1,tCO2e
245,ORANGE,339961,325376,270686,276352,259550,255419,257001,,orange,Global,orange,France,Company,100,Fully matched,Yes,Orange,Emissions data found,257001,2021,https://nzdpu.com/data-explorer,Scope 1,tCO2e
246,ORBIA ADVANCE CORPORATION S A B DE C V,,,,,645300,603969,624317,,orbia advance,Global,orbia advance,Mexico,Company,100,Fully matched,Yes,Orbia Advance Corporation S.A.B.,Emissions data found,624317,2021,https://nzdpu.com/data-explorer,Scope 1,tCO2e
247,ORKLA ASA,109093.7,91621.2,122915,117654.6,120822.5,117701,119854,,orkla,Global,orkla,Norway,Company,100,Fully matched,Yes,Orkla ASA,Emissions data found,119854,2021,https://nzdpu.com/data-explorer,Scope 1,tCO2e
248,ØRSTED A/S,,5326304,3949000,3483000,1846000,1851000,2142000,,ørsted,Global,ørsted,Denmark,Company,100,Fully matched,Yes,Ørsted,Emissions data found,2142000,2021,https://nzdpu.com/data-explorer,Scope 1,tCO2e
249,Outokumpu Oyj,1158761,1215084,1203694,1268997,1209841,1150092,1256219,,outokumpu,Global,outokumpu,Finland,Company,100,Fully matched,Yes,Outokumpu Oyj,Emissions data found,1256219,2021,https://nzdpu.com/data-explorer,Scope 1,tCO2e
250,"PALO ALTO NETWORKS, INC.",,,,0,716,618,873.6,,palo alto networks,Global,palo alto networks,United States of America,Company,100,Fully matched,Yes,Palo Alto Networks,Emissions data found,873.6,2021,https://nzdpu.com/data-explorer,Scope 1,tCO2e
251,Panasonic Holdings Corporation,470149,428750,438255,458043,406873,385000,327000,337300,panasonic,Global,panasonic,Japan,Company,100,Fully matched,Yes,Panasonic Holdings Corporation,Emissions data found,337300,2022,https://nzdpu.com/data-explorer,Scope 1,tCO2e
252,Pandora A/S,,,,306,1252,1250,1163,,pandora,Global,pandora,Denmark,Company,100,Fully matched,Yes,Pandora A/S,Emissions data found,1163,2021,https://nzdpu.com/data-explorer,Scope 1,tCO2e
253,"PAYPAL HOLDINGS, INC.",,,9551,,6509.145,3002.62,2604.744,,paypal,Global,paypal,United States of America,Company,100,Fully matched,Yes,PayPal,Emissions data found,2604.744,2021,https://nzdpu.com/data-explorer,Scope 1,tCO2e
254,PEARSON PLC,22343,19093,15691,12209,12500,6534,8396,,pearson,Global,pearson,United Kingdom,Company,100,Fully matched,Yes,Pearson PLC,Emissions data found,8396,2021,https://nzdpu.com/data-explorer,Scope 1,tCO2e
255,"PepsiCo, Inc.",2737660,3798343,3734520,3577266,3552415,3552706,3596712,,pepsico,Global,pepsico,United States of America,Company,100,Fully matched,Yes,"PepsiCo, Inc.",Emissions data found,3596712,2021,https://nzdpu.com/data-explorer,Scope 1,tCO2e
256,PERNOD RICARD,269525.01,274610,254818.24,250542,262378,255417,265819,,pernod ricard,Global,pernod ricard,France,Company,100,Fully matched,Yes,Pernod Ricard,Emissions data found,265819,2021,https://nzdpu.com/data-explorer,Scope 1,tCO2e
257,PERSIMMON PUBLIC LIMITED COMPANY,27649,28047,30050,35450,30727,25887,25298,,persimmon,Global,persimmon,United Kingdom,Company,100,Fully matched,Yes,Persimmon PLC,Emissions data found,25298,2021,https://nzdpu.com/data-explorer,Scope 1,tCO2e
258,PFIZER INC.,875274,891751,788838,720945,704815,654460,662438,,pfizer,Global,pfizer,United States of America,Company,100,Fully matched,Yes,Pfizer Inc.,Emissions data found,662438,2021,https://nzdpu.com/data-explorer,Scope 1,tCO2e
259,Philip Morris International Inc.,361720,351990,388384,408162,397210,322633,308822,,philip morris,Global,philip morris,United States of America,Company,100,Fully matched,Yes,Philip Morris International,Emissions data found,308822,2021,https://nzdpu.com/data-explorer,Scope 1,tCO2e
260,PostNL N.V.,40721,40563,36117,37031,40491,40368,34288,,postnl,Global,postnl,Netherlands,Company,100,Fully matched,Yes,PostNL,Emissions data found,34288,2021,https://nzdpu.com/data-explorer,Scope 1,tCO2e
261,PROXIMUS,42547,45448,43853,38001,36043,26630,26620,,proximus,Global,proximus,Belgium,Company,100,Fully matched,Yes,Proximus,Emissions data found,26620,2021,https://nzdpu.com/data-explorer,Scope 1,tCO2e
262,PRYSMIAN S.P.A.,225154,240615,228857,273538,329916,313349,341107,,prysmian,Global,prysmian,Italy,Company,100,Fully matched,Yes,Prysmian Group,Emissions data found,341107,2021,https://nzdpu.com/data-explorer,Scope 1,tCO2e
264,PUBLICIS GROUPE SA,,,,5586,9895,7531,4299,,publicis groupe,Global,publicis groupe,France,Company,100,Fully matched,Yes,Publicis Groupe,Emissions data found,4299,2021,https://nzdpu.com/data-explorer,Scope 1,tCO2e
265,PUMA SE,7296,6854,7678,6918,6326,4179,4046,,puma,Global,puma,Germany,Company,100,Fully matched,Yes,PUMA SE,Emissions data found,4046,2021,https://nzdpu.com/data-explorer,Scope 1,tCO2e
266,PVH CORP.,,41293,37323,32689,35039,33776,29091,25132,pvh,Global,pvh,United States of America,Company,100,Fully matched,Yes,PVH Corp.,Emissions data found,25132,2022,https://nzdpu.com/data-explorer,Scope 1,tCO2e
267,QIAGEN N.V.,,,,,,10202,11054,,qiagen,Global,qiagen,Netherlands,Company,100,Fully matched,Yes,QIAGEN N.V.,Emissions data found,11054,2021,https://nzdpu.com/data-explorer,Scope 1,tCO2e
268,QUALCOMM INCORPORATED,75205,80179,76092,78290,,117479.34,106659,,qualcomm,Global,qualcomm,United States of America,Company,100,Fully matched,Yes,Qualcomm Incorporated,Emissions data found,106659,2021,https://nzdpu.com/data-explorer,Scope 1,tCO2e
269,RALPH LAUREN CORPORATION,,,,,,16248,14681,11582,ralph lauren,Global,ralph lauren,United States of America,Company,100,Fully matched,Yes,Ralph Lauren,Emissions data found,11582,2022,https://nzdpu.com/data-explorer,Scope 1,tCO2e
270,Randstad N.V.,54275,55268,56765,68952,68947,48614,47652,,randstad,Global,randstad,Netherlands,Company,100,Fully matched,Yes,Randstad N.V.,Emissions data found,47652,2021,https://nzdpu.com/data-explorer,Scope 1,tCO2e
271,RECKITT BENCKISER GROUP PLC,72768,80321,63726,148214,140117,131496,120346,,reckitt benckiser,Global,reckitt benckiser,United Kingdom,Company,100,Fully matched,Yes,Reckitt Benckiser Group plc,Emissions data found,120346,2021,https://nzdpu.com/data-explorer,Scope 1,tCO2e
272,REDROW PLC,8636,10607,11128,12006,12478,12250,11417,,redrow,Global,redrow,United Kingdom,Company,100,Fully matched,Yes,Redrow plc,Emissions data found,11417,2021,https://nzdpu.com/data-explorer,Scope 1,tCO2e
273,RELIANCE JIO INFOCOMM LIMITED,,,,,262884,105018,493761,494731,reliance jio infocomm,Global,reliance jio infocomm,India,Company,100,Fully matched,Yes,Reliance Jio Infocomm Limited,Emissions data found,494731,2022,https://nzdpu.com/data-explorer,Scope 1,tCO2e
275,REMA 1000 AS,19398,17275,13608,12032,11429,11163,10374,,rema 1000,Global,rema 1000 norge,Norway,Company,75,"Unlikely a match, but manual check needed",Yes,REMA 1000 NORGE AS,Emissions data found,10374,2021,https://nzdpu.com/data-explorer,Scope 1,tCO2e
276,RENAULT,662478,716305,674960,663344,626947,498612,517003,,renault,Global,renall,France,Company,77,"Unlikely a match, but manual check needed",Yes,GROUPE RENAULT,Emissions data found,517003,2021,https://nzdpu.com/data-explorer,Scope 1,tCO2e
277,Renesas Electronics Corporation,309000,225000,193484,221166,183211,172427,198116,,renesas electronics,Global,renesas electronics,Japan,Company,100,Fully matched,Yes,Renesas Electronics Corporation,Emissions data found,198116,2021,https://nzdpu.com/data-explorer,Scope 1,tCO2e
278,Restaurant Brands International Inc.,,,,,,46544,46084,,restaurant brands,Global,restaurant brands,Canada,Company,100,Fully matched,Yes,Restaurant Brands International Inc.,Emissions data found,46084,2021,https://nzdpu.com/data-explorer,Scope 1,tCO2e
279,REXEL,77905,77856,74141,71543,71429,59955,64345.837,,rexel,Global,rexel,France,Company,100,Fully matched,Yes,Rexel,Emissions data found,64345.837,2021,https://nzdpu.com/data-explorer,Scope 1,tCO2e
280,"Ricoh Company, Ltd.",180963,178148,177528,173463,137500,131987,113354,111489,ricoh,Global,ricoh,Japan,Company,100,Fully matched,Yes,"Ricoh Co., Ltd.",Emissions data found,111489,2022,https://nzdpu.com/data-explorer,Scope 1,tCO2e
281,ROLLS-ROYCE HOLDINGS PLC,305000,372000,379000,245047,256862,243331,216788,,rolls-royce,Global,rolls-royce,United Kingdom,Company,100,Fully matched,Yes,Rolls-Royce plc,Emissions data found,216788,2021,https://nzdpu.com/data-explorer,Scope 1,tCO2e
282,RWE Aktiengesellschaft,152300000,154000000,135600000,120400000,91700000,70200000,86900000,,rwe aktiengesellschaft,Global,heristo aktiengesellschaft,Germany,Company,83,"Unlikely a match, but manual check needed",Yes,RWE AG,Emissions data found,86900000,2021,https://nzdpu.com/data-explorer,Scope 1,tCO2e
283,SAAB Aktiebolag,13235,12272,12200,13407.5,16926.4,13091.5,9399.6,,saab aktiebolag,Global,sabe technology,Sweden,Company,60,"Unlikely a match, but manual check needed",Yes,Saab AB,Emissions data found,9399.6,2021,https://nzdpu.com/data-explorer,Scope 1,tCO2e
284,SACYR SA,712752.7,540151.63,482971.87,481751.33,437435.22,119657.23,119083.68,,sacyr,Global,sacyr,Spain,Company,100,Fully matched,Yes,Sacyr S.A.,Emissions data found,119083.68,2021,https://nzdpu.com/data-explorer,Scope 1,tCO2e
285,"SALESFORCE, INC.",5371.19,3185,4017,4485,5000,6000,1000,6130,salesforce,Global,salesforce.com,United States of America,Company,83,"Unlikely a match, but manual check needed",Yes,"Salesforce.com, Inc.",Emissions data found,6130,2022,https://nzdpu.com/data-explorer,Scope 1,tCO2e
286,SANOFI,464199,430552,426598,578579,559421,515328,467780,,sanofi,Global,sanofi,France,Company,100,Fully matched,Yes,SANOFI,Emissions data found,467780,2021,https://nzdpu.com/data-explorer,Scope 1,tCO2e
287,SAP SE,160674,149540,142554,144163,152495,97370,96260,,sap,Global,sap,Germany,Company,100,Fully matched,Yes,SAP SE,Emissions data found,96260,2021,https://nzdpu.com/data-explorer,Scope 1,tCO2e
288,Schindler Holding AG,134219,,131832,147049,145524,129680,135905,,schindler,Global,schindler,Switzerland,Company,100,Fully matched,Yes,Schindler Group,Emissions data found,135905,2021,https://nzdpu.com/data-explorer,Scope 1,tCO2e
289,SCHNEIDER ELECTRIC SE,90054,85852,84913,174705,179834,142149,140936,,schneider,Global,schneider,France,Company,100,Fully matched,Yes,Schneider Electric,Emissions data found,140936,2021,https://nzdpu.com/data-explorer,Scope 1,tCO2e
291,Secom Co. Ltd.,36348.96,35082.99,53061.58,53259.87,62510.86,62385.8,58052.25,56423.63,secom,Global,secom,Japan,Company,100,Fully matched,Yes,"SECOM Co., Ltd.",Emissions data found,56423.63,2022,https://nzdpu.com/data-explorer,Scope 1,tCO2e
292,"Sekisui House, Ltd.",80259,85888.81,80272.772,77225.021,72966.793,70574.108,85900.699,52917.274,sekisui house,Global,sekisui house,Japan,Company,100,Fully matched,Yes,"Sekisui House, LTD",Emissions data found,52917.274,2022,https://nzdpu.com/data-explorer,Scope 1,tCO2e
293,"SERVICENOW, INC.",,,,0,1323,1018,1401,,servicenow,Global,servicenow,United States of America,Company,100,Fully matched,Yes,ServiceNow Inc.,Emissions data found,1401,2021,https://nzdpu.com/data-explorer,Scope 1,tCO2e
294,SEVERN TRENT PLC,169211,156979,138131,134307,132360,156014,164115,372264.47,severn trent,Global,severn trent,United Kingdom,Company,100,Fully matched,Yes,Severn Trent,Emissions data found,372264.47,2022,https://nzdpu.com/data-explorer,Scope 1,tCO2e
295,SGS SA,111362,113237,113508,117455,113443,98273,104575,,sgs,Global,sgs,Switzerland,Company,100,Fully matched,Yes,SGS SA,Emissions data found,104575,2021,https://nzdpu.com/data-explorer,Scope 1,tCO2e
296,SHOPIFY INC.,0,10663,,1081.22,1167.01,964.09,563.3,,shopify,Global,spotify,Sweden,Company,71,"Unlikely a match, but manual check needed",Yes,Spotify,Emissions data found,563.3,2021,https://nzdpu.com/data-explorer,Scope 1,tCO2e
297,Siemens Aktiengesellschaft,844593,855593,862074,820527,768678,424000,386000,,siemens aktiengesellschaft,Global,heristo aktiengesellschaft,Germany,Company,81,"Unlikely a match, but manual check needed",Yes,Siemens AG,Emissions data found,386000,2021,https://nzdpu.com/data-explorer,Scope 1,tCO2e
298,SIEMENS GAMESA RENEWABLE ENERGY SA,12078.8,15052.5,10808,22865,26437,26053,26788,,siemens gamesa renewable energy,Global,siemens gamesa renewable energy,Spain,Company,100,Fully matched,Yes,"Siemens Gamesa Renewable Energy, S.A.",Emissions data found,26788,2021,https://nzdpu.com/data-explorer,Scope 1,tCO2e
299,SIGNIFY N.V.,,186577,185381,171865,167921,161000,149000,,signify,Global,signify,Netherlands,Company,100,Fully matched,Yes,Signify,Emissions data found,149000,2021,https://nzdpu.com/data-explorer,Scope 1,tCO2e
301,Skanska AB,330758,312800,275537,275173,212609,193020,194139,,skanska,Global,skanska,Sweden,Company,100,Fully matched,Yes,Skanska,Emissions data found,194139,2021,https://nzdpu.com/data-explorer,Scope 1,tCO2e
302,SMITHS GROUP PLC,13806,12407,11819.76,12194.35,14929,15262,20452,,smiths,Global,smiths,United Kingdom,Company,100,Fully matched,Yes,Smiths Group PLC,Emissions data found,20452,2021,https://nzdpu.com/data-explorer,Scope 1,tCO2e
303,SNAP INC.,,,,,4392,2681,3687.78,,snap,Global,snap,United States of America,Company,100,Fully matched,Yes,Snap Inc.,Emissions data found,3687.78,2021,https://nzdpu.com/data-explorer,Scope 1,tCO2e
305,SODEXO,109544,97632,114735,,97637,92326.97,70716.49,,sodexo,Global,sodexo,France,Company,100,Fully matched,Yes,Sodexo S.A.,Emissions data found,70716.49,2021,https://nzdpu.com/data-explorer,Scope 1,tCO2e
306,Sony Group Corporation,289420,324130.45,267288.08,234290.95,187123.63,187829.312,188878.675,211132.114,sony,Global,sony,Japan,Company,100,Fully matched,Yes,Sony Group Corporation,Emissions data found,211132.114,2022,https://nzdpu.com/data-explorer,Scope 1,tCO2e
307,SOPRA STERIA GROUP,4261,3465,3546,3318,4719,3718,3650,,sopra steria,Global,sopra steria,France,Company,100,Fully matched,Yes,Sopra Steria Group,Emissions data found,3650,2021,https://nzdpu.com/data-explorer,Scope 1,tCO2e
309,SSAB AB,,,10333121,,,9470859,10640817,,ssab,Global,ssab,Sweden,Company,100,Fully matched,Yes,SSAB,Emissions data found,10640817,2021,https://nzdpu.com/data-explorer,Scope 1,tCO2e
310,SSE PLC,13078819,11020861,8004371,10128193,8794543,8186645,7098037,5746504,sse,Global,sse,United Kingdom,Company,100,Fully matched,Yes,SSE,Emissions data found,5746504,2022,https://nzdpu.com/data-explorer,Scope 1,tCO2e
311,"STANLEY BLACK & DECKER, INC.",95806,83143,114274,109159,118711,99558,110288,,stanley black decker,Global,stanley black decker,United States of America,Company,100,Fully matched,Yes,Stanley Black & Decker,Emissions data found,110288,2021,https://nzdpu.com/data-explorer,Scope 1,tCO2e
312,Stantec Inc.,7953,10631,9585,10333,7540,13412,14014,,stantec,Global,stantec,Canada,Company,100,Fully matched,Yes,Stantec Inc.,Emissions data found,14014,2021,https://nzdpu.com/data-explorer,Scope 1,tCO2e
313,STARBUCKS CORPORATION,329002,,291271,319567.78,381198.61,309570,372020,,starbucks,Global,starbucks coffee,United States of America,Company,72,"Unlikely a match, but manual check needed",Yes,Starbucks Coffee Company,Emissions data found,372020,2021,https://nzdpu.com/data-explorer,Scope 1,tCO2e
314,Steelcase Inc,58064,46623,47840,48924.15,,47048.45,32763.55,35473.4,steelcase,Global,steelcase,United States of America,Company,100,Fully matched,Yes,Steelcase Inc.,Emissions data found,35473.4,2022,https://nzdpu.com/data-explorer,Scope 1,tCO2e
315,STMICROELECTRONICS N.V.,575218,552000,605000,644199,557032,486304,481190,,stmicroelectronics,Global,stmicroelectronics,Switzerland,Company,100,Fully matched,Yes,STMicroelectronics NV,Emissions data found,481190,2021,https://nzdpu.com/data-explorer,Scope 1,tCO2e
316,Stora Enso Oyj,2243000,2400000,2340000,2480000,2240000,2040000,2100000,,stora enso,Global,stora enso,Finland,Company,100,Fully matched,Yes,Stora Enso,Emissions data found,2100000,2021,https://nzdpu.com/data-explorer,Scope 1,tCO2e
317,"Sumitomo Forestry Co.,LTD.",48123.46,47634.96,47781,249996.37,264011,262105,252833,,sumitomo forestry,Global,sumitomo forestry,Japan,Company,100,Fully matched,Yes,"Sumitomo Forestry Co., Ltd",Emissions data found,252833,2021,https://nzdpu.com/data-explorer,Scope 1,tCO2e
318,Suntory Holdings Limited,,,,,,553577,598584,,suntory,Global,suntory,Japan,Company,100,Fully matched,Yes,Suntory Holdings Limited,Emissions data found,598584,2021,https://nzdpu.com/data-explorer,Scope 1,tCO2e
320,SWECO AB (publ),,,,,999999999,8016,5472,,sweco,Global,sweco,Sweden,Company,100,Fully matched,Yes,Sweco,Emissions data found,5472,2021,https://nzdpu.com/data-explorer,Scope 1,tCO2e
321,Swisscom AG,20618,20057,18471.2,16289,16448,14420,14429,,swisscom,Global,swisscom,Switzerland,Company,100,Fully matched,Yes,Swisscom,Emissions data found,14429,2021,https://nzdpu.com/data-explorer,Scope 1,tCO2e
322,Symrise AG,105830,194358,204369,217828,214050,299118,285332,,symrise,Global,symrise,Germany,Company,100,Fully matched,Yes,Symrise AG,Emissions data found,285332,2021,https://nzdpu.com/data-explorer,Scope 1,tCO2e
323,Takeda Pharmaceutical Company Limited,163676,153211,160776,157037,159610,314000,293000,316000,takeda pharmaceutical,Global,takeda pharmaceutical,Japan,Company,100,Fully matched,Yes,Takeda Pharmaceutical Company,Emissions data found,316000,2022,https://nzdpu.com/data-explorer,Scope 1,tCO2e
324,"TAPESTRY, INC.",1924,465,1060.86,1048.12,936.25,10941,3523,,tapestry,Global,tapestry,United States of America,Company,100,Fully matched,Yes,"Tapestry, Inc.",Emissions data found,3523,2021,https://nzdpu.com/data-explorer,Scope 1,tCO2e
325,Target Corporation,701558,581568,730846,706176,755484,752552,699877,734799,target,Global,target,United States of America,Company,100,Fully matched,Yes,Target Corporation,Emissions data found,734799,2022,https://nzdpu.com/data-explorer,Scope 1,tCO2e
326,TCHIBO GmbH,,,,24167,23211,21145,23146,,tchibo,Global,tchibo,Germany,Company,100,Fully matched,Yes,Tchibo GmbH,Emissions data found,23146,2021,https://nzdpu.com/data-explorer,Scope 1,tCO2e
328,TECH MAHINDRA LIMITED,10838.88,6257,3263,2787.02,2561.04,1803.807,7930.24,8995.81,tech mahindra,Global,tech mahindra,India,Company,100,Fully matched,Yes,Tech Mahindra,Emissions data found,8995.81,2022,https://nzdpu.com/data-explorer,Scope 1,tCO2e
329,TEIJIN LIMITED,877990,848000,748664,688301,711628,746000,708000,774000,teijin,Global,teijin,Japan,Company,100,Fully matched,Yes,TEIJIN LIMITED,Emissions data found,774000,2022,https://nzdpu.com/data-explorer,Scope 1,tCO2e
330,Telefonaktiebolaget LM Ericsson,82600,75379,74000,54000,49000,40000,38000,,telefonaktiebolaget lm ericsson,Global,hellenic basketball federation,Sweden,Company,52,"Unlikely a match, but manual check needed",Yes,Ericsson Group,Emissions data found,38000,2021,https://nzdpu.com/data-explorer,Scope 1,tCO2e
331,TELEFONICA SA,304857,291787,295622,245282,229296,207872,183231,,telefonica,Global,telefónica,Spain,Company,90,"Likely a match, but manual check needed",Yes,TELEFÓNICA,Emissions data found,183231,2021,https://nzdpu.com/data-explorer,Scope 1,tCO2e
332,TELENOR ASA,308994,378231,224906,219105,203386,167396,150409.79,,telenor,Global,telenor,Norway,Company,100,Fully matched,Yes,Telenor Group,Emissions data found,150409.79,2021,https://nzdpu.com/data-explorer,Scope 1,tCO2e
334,TELIA COMPANY AB,47400,33000,26000,20000,7000,7000,6529,,telia,Global,telia,Sweden,Company,100,Fully matched,Yes,Telia Company AB,Emissions data found,6529,2021,https://nzdpu.com/data-explorer,Scope 1,tCO2e
335,TELSTRA GROUP LIMITED,52021,50643,53093,55158.38,46688,36381,33085,,telstra,Global,telstra,Australia,Company,100,Fully matched,Yes,Telstra,Emissions data found,33085,2021,https://nzdpu.com/data-explorer,Scope 1,tCO2e
336,TESCO PLC,1313291,1347150,1236980,1271205,1117480,1105183,1053131,1110098.389,tesco,Global,tesco,United Kingdom,Company,100,Fully matched,Yes,Tesco,Emissions data found,1110098.389,2022,https://nzdpu.com/data-explorer,Scope 1,tCO2e
337,THE BERKELEY GROUP HOLDINGS PLC,,2364,2265,2553.14,3399,,2351,1974,berkeley,Global,berkeley,United Kingdom,Company,100,Fully matched,Yes,The Berkeley Group Holdings plc,Emissions data found,1974,2022,https://nzdpu.com/data-explorer,Scope 1,tCO2e
338,The Boston Consulting Group,,,,5629,5078,4140,3045,,boston consulting,Global,boston consulting,United States of America,Company,100,Fully matched,Yes,Boston Consulting Group,Emissions data found,3045,2021,https://nzdpu.com/data-explorer,Scope 1,tCO2e
339,THE CLOROX COMPANY,74409,76900,74835,72962,64484,75164,72784,,clorox,Global,clorox,United States of America,Company,100,Fully matched,Yes,The Clorox Company,Emissions data found,72784,2021,https://nzdpu.com/data-explorer,Scope 1,tCO2e
340,"THE GAP, INC.",29572,23810,,26320,27819,27316,25352,27762,gap,Global,gap,United States of America,Company,100,Fully matched,Yes,Gap Inc.,Emissions data found,27762,2022,https://nzdpu.com/data-explorer,Scope 1,tCO2e
341,"THE INTERPUBLIC GROUP OF COMPANIES, INC.",,,,,,4273.057,12299.2,,interpublic,Global,interpublic,United States of America,Company,100,Fully matched,Yes,"Interpublic Group of Companies, Inc.",Emissions data found,12299.2,2021,https://nzdpu.com/data-explorer,Scope 1,tCO2e
342,THE PROCTER & GAMBLE COMPANY,2304000,2133321,2174000,2137895,2210497,2217501,2241542,,procter gamble,Global,procter gamble,United States of America,Company,100,Fully matched,Yes,Procter & Gamble Company,Emissions data found,2241542,2021,https://nzdpu.com/data-explorer,Scope 1,tCO2e
343,THE SAGE GROUP PLC.,10887.15,2166,,1489,1805,2983,1061,,sage,Global,sage,United Kingdom,Company,100,Fully matched,Yes,The Sage Group PLC,Emissions data found,1061,2021,https://nzdpu.com/data-explorer,Scope 1,tCO2e
344,THERMO FISHER SCIENTIFIC INC.,92458,83529,,283161,280407,278993,298043,,thermo fisher scientific,Global,thermo fisher scientific,United States of America,Company,100,Fully matched,Yes,Thermo Fisher Scientific Inc.,Emissions data found,298043,2021,https://nzdpu.com/data-explorer,Scope 1,tCO2e
345,"Thor Industries, Inc.",,,,,47638,46483,58507,,thor industries,Global,thor industries,United States of America,Company,100,Fully matched,Yes,"Thor Industries, Inc.",Emissions data found,58507,2021,https://nzdpu.com/data-explorer,Scope 1,tCO2e
347,TK ELEVATOR GMBH,,,,,127686,121029,121148,,elevator,Global,elevator,Germany,Company,100,Fully matched,Yes,TK Elevator GmbH,Emissions data found,121148,2021,https://nzdpu.com/data-explorer,Scope 1,tCO2e
348,TRANE TECHNOLOGIES PUBLIC LIMITED COMPANY,417932,390856,364658,343565,304585,273621,257632.25,,trane technologies,Global,trane technologies,Ireland,Company,100,Fully matched,Yes,Trane Technologies Plc.,Emissions data found,257632.25,2021,https://nzdpu.com/data-explorer,Scope 1,tCO2e
349,Trelleborg AB,96900,122300,144700,142400,128800,117400,134900,,trelleborg,Global,trelleborg,Sweden,Company,100,Fully matched,Yes,Trelleborg AB,Emissions data found,134900,2021,https://nzdpu.com/data-explorer,Scope 1,tCO2e
350,UNILEVER PLC,873507,860249,797032,752804,659028.236,606771.416,565987.707,,unilever,Global,unilever,United Kingdom,Company,100,Fully matched,Yes,Unilever plc,Emissions data found,565987.707,2021,https://nzdpu.com/data-explorer,Scope 1,tCO2e
351,"UNITED AIRLINES HOLDINGS, INC.",31446166,31436892,32429263,33273067,34406941,15485363,21370485,,airlines,Global,airlines,United States of America,Company,100,Fully matched,Yes,"United Airlines, Inc.",Emissions data found,21370485,2021,https://nzdpu.com/data-explorer,Scope 1,tCO2e
352,UNITED UTILITIES GROUP PLC,104041,110533,128649,117583.64,119354,127172,132575,131735,utilities,Global,utilities,United Kingdom,Company,100,Fully matched,Yes,United Utilities Group PLC,Emissions data found,131735,2022,https://nzdpu.com/data-explorer,Scope 1,tCO2e
354,UPM-KYMMENE OYJ,4140000,3971000,3430000,3250000,3200000,2730000,2710000,,upm-kymmene,Global,upm-kymmene,Finland,Company,100,Fully matched,Yes,UPM-Kymmene Corporation,Emissions data found,2710000,2021,https://nzdpu.com/data-explorer,Scope 1,tCO2e
355,V.F. CORPORATION,80900,74728,72529,72825,,18405,11655,12551,v.f.,Global,vf,United States of America,Company,80,"Unlikely a match, but manual check needed",Yes,VF Corporation,Emissions data found,12551,2022,https://nzdpu.com/data-explorer,Scope 1,tCO2e
357,Vattenfall AB,84600000,68442523,23195047,22602043,18389470,12239371,10268858,,vattenfall,Global,vattenfall,Sweden,Company,100,Fully matched,Yes,Vattenfall AB,Emissions data found,10268858,2021,https://nzdpu.com/data-explorer,Scope 1,tCO2e
358,Veidekke ASA,71467,74114,93673,111707,107498,94034,78730,,veidekke,Global,veidekke,Norway,Company,100,Fully matched,Yes,Veidekke ASA,Emissions data found,78730,2021,https://nzdpu.com/data-explorer,Scope 1,tCO2e
359,VEOLIA ENVIRONNEMENT,26852000,28465870,28734000,29574000,26283000,25019000,26732000,,veolia environnement,Global,veolia environnement,France,Company,100,Fully matched,Yes,Veolia Environnement S.A.,Emissions data found,26732000,2021,https://nzdpu.com/data-explorer,Scope 1,tCO2e
360,VESTAS WIND SYSTEMS A/S,48621,57669,59812,68783,70927,70968,99290,,vestas wind systems,Global,vestas wind systems,Denmark,Company,100,Fully matched,Yes,Vestas Wind Systems,Emissions data found,99290,2021,https://nzdpu.com/data-explorer,Scope 1,tCO2e
362,VISA INC.,17837,9005.11,9143.43,9165,8642,5102,4018,,visa,Global,visa,United States of America,Company,100,Fully matched,Yes,Visa Inc.,Emissions data found,4018,2021,https://nzdpu.com/data-explorer,Scope 1,tCO2e
363,VISTEON CORPORATION,3953,1364,1260,1357,1147,1166,1090,,visteon,Global,visteon,United States of America,Company,100,Fully matched,Yes,VISTEON CORPORATION,Emissions data found,1090,2021,https://nzdpu.com/data-explorer,Scope 1,tCO2e
364,VISTRA CORP.,,,143799952,118650466,105523364,94290023,98749588,,vistra,Global,vistra,United States of America,Company,100,Fully matched,Yes,Vistra Corp.,Emissions data found,98749588,2021,https://nzdpu.com/data-explorer,Scope 1,tCO2e
365,VISTRY GROUP PLC,,,,4902,,,22290,,vistry,Global,vistry,United Kingdom,Company,100,Fully matched,Yes,Vistry Group,Emissions data found,22290,2021,https://nzdpu.com/data-explorer,Scope 1,tCO2e
366,VIVENDI SE,7451,8400,8013,17481,14185,15263,12294,,vivendi,Global,vivendi,France,Company,100,Fully matched,Yes,Vivendi SE,Emissions data found,12294,2021,https://nzdpu.com/data-explorer,Scope 1,tCO2e
368,VODAFONE GROUP PUBLIC LIMITED COMPANY,369304,408055,,380201,257887,279143,271626,276936,vodafone,Global,vodafone,United Kingdom,Company,100,Fully matched,Yes,Vodafone Group PLC,Emissions data found,276936,2022,https://nzdpu.com/data-explorer,Scope 1,tCO2e
369,Volvo Car AB,,,,,,84000,78340,,volvo car,Global,volvo car,Sweden,Company,100,Fully matched,Yes,Volvo Car Group,Emissions data found,78340,2021,https://nzdpu.com/data-explorer,Scope 1,tCO2e
370,VOTORANTIM CIMENTOS S.A.,26328183,22576400,21882798,21898656,19215648,20421293,24877550,,votorantim cimentos,Global,votorantim cimentos,Brazil,Company,100,Fully matched,Yes,Votorantim Cimentos,Emissions data found,24877550,2021,https://nzdpu.com/data-explorer,Scope 1,tCO2e
371,Wacker Chemie AG,1251944,1361408,1528102,1286280,1165168,1285465,1290848,,wacker chemie,Global,wacker chemie,Germany,Company,100,Fully matched,Yes,Wacker Chemie AG,Emissions data found,1290848,2021,https://nzdpu.com/data-explorer,Scope 1,tCO2e
372,WALMART INC.,6107244,6650232,6523390,6101641,6484616,6728056,7312245,,walmart,Global,walmart,United States of America,Company,100,Fully matched,Yes,Walmart Inc.,Emissions data found,7312245,2021,https://nzdpu.com/data-explorer,Scope 1,tCO2e
373,WIPRO LIMITED,41339,44355,26177,16046,13424,13366,10885,9571,wipro,Global,wipro,India,Company,100,Fully matched,Yes,Wipro,Emissions data found,9571,2022,https://nzdpu.com/data-explorer,Scope 1,tCO2e
374,"WORKDAY, INC.",,,,,,1733,1470,1835,workday,Global,workday,United States of America,Company,100,Fully matched,Yes,Workday,Emissions data found,1835,2022,https://nzdpu.com/data-explorer,Scope 1,tCO2e
376,WPP PLC,8135.04,6109,5997,7309,25015,21802,13292,,wpp,Global,wpp,United Kingdom,Company,100,Fully matched,Yes,WPP Plc,Emissions data found,13292,2021,https://nzdpu.com/data-explorer,Scope 1,tCO2e
377,XEROX HOLDINGS CORPORATION,111106,102406,92077,90939,83732,67510,89035,,xerox,Global,xerox,United States of America,Company,100,Fully matched,Yes,Xerox Corporation,Emissions data found,89035,2021,https://nzdpu.com/data-explorer,Scope 1,tCO2e
378,XYLEM INC.,37304,34860,42559.1,44645,42471,39051,47707,,xylem,Global,xylem,United States of America,Company,100,Fully matched,Yes,Xylem Inc.,Emissions data found,47707,2021,https://nzdpu.com/data-explorer,Scope 1,tCO2e
379,YKK CORPORATION,,,,,,,76357,89069.131,ykk,Global,ykk,Japan,Company,100,Fully matched,Yes,YKK Corporation,Emissions data found,89069.131,2022,https://nzdpu.com/data-explorer,Scope 1,tCO2e
380,"YUM! Brands, Inc.",124026,133309,107301.9,48046.5,23544.71,38907,39012.56,,yum! brands,Global,yum! brands,United States of America,Company,100,Fully matched,Yes,"Yum! Brands, Inc.",Emissions data found,39012.56,2021,https://nzdpu.com/data-explorer,Scope 1,tCO2e
381,ZF Friedrichshafen AG,,250553,,,,384000,416000,,zf friedrichshafen,Global,zf friedrichshafen,Germany,Company,100,Fully matched,Yes,ZF Friedrichshafen AG,Emissions data found,416000,2021,https://nzdpu.com/data-explorer,Scope 1,tCO2e