Company,LEI,Jurisdiction,Latest Reported Year,SICS sector,Source
AAK AB (PUBL),549300GK4LGIDDWJWL07,Sweden,2021,SICS classification information not available for download,CDP Climate Change 2022
ABB Ltd,5493000LKVGOO9PELI61,Switzerland,2021,SICS classification information not available for download,CDP Climate Change 2022
ABBVIE INC.,FR5LCKFTG8054YNNRU85,United States of America,2021,SICS classification information not available for download,CDP Climate Change 2022
ACCENTURE PUBLIC LIMITED COMPANY,5493000EWHDSR3MZWH98,Ireland,2021,SICS classification information not available for download,CDP Climate Change 2022
ACCOR,969500QZC2Q0TK11NV07,France,2021,SICS classification information not available for download,CDP Climate Change 2022
adidas AG,549300JSX0Z4CW0V5023,Germany,2021,SICS classification information not available for download,CDP Climate Change 2022
ADOBE INC.,FU4LY2G4933NH2E1CP29,United States of America,2021,SICS classification information not available for download,CDP Climate Change 2022
AECOM,0EEB8GF0W0NPCIHZX097,United States of America,2021,SICS classification information not available for download,CDP Climate Change 2022
AENA S.M.E. SA,959800R7QMXKF0NFMT29,Spain,2021,SICS classification information not available for download,CDP Climate Change 2022
AFRY AB,549300Q87LKPPD4X9R30,Sweden,2021,SICS classification information not available for download,CDP Climate Change 2022
"AGILENT TECHNOLOGIES, INC.",QUIX8Y7A2WP0XRMW7G29,United States of America,2021,SICS classification information not available for download,CDP Climate Change 2022
"Ajinomoto Co., Inc.",353800UT0TLROREPIC92,Japan,2022,SICS classification information not available for download,CDP Climate Change 2022
"AKAMAI TECHNOLOGIES, INC.",OC1LZNN2LF5WTJ5RIL89,United States of America,2021,SICS classification information not available for download,CDP Climate Change 2022
Aktiebolaget Electrolux,549300Y3HHZB1ZGFPJ93,Sweden,2021,SICS classification information not available for download,CDP Climate Change 2022
Aktiebolaget SKF,549300B6HWYEE57O8J84,Sweden,2021,SICS classification information not available for download,CDP Climate Change 2022
Alfa Laval AB,549300UCKT2UK88AG251,Sweden,2021,SICS classification information not available for download,CDP Climate Change 2022
ALPHABET INC.,5493006MHB84DD0ZWV18,United States of America,2021,SICS classification information not available for download,CDP Climate Change 2022
AMBEV S.A.,549300TH5Q6VRP8OT012,Brazil,2021,SICS classification information not available for download,CDP Climate Change 2022
AMBUJA CEMENTS LIMITED,335800NT6LQHR1428E20,India,2021,SICS classification information not available for download,CDP Climate Change 2022
"AMERICAN AIRLINES, INC.",IWUQB36BXD6OWD6X4T14,United States of America,2021,SICS classification information not available for download,CDP Climate Change 2022
"AMERICAN AXLE & MANUFACTURING, INC.",RY5TAKFOBLDUGX31MS24,United States of America,2021,SICS classification information not available for download,CDP Climate Change 2022
American Eagle Outfitters Inc.,5299001Z9HXK01DHW793,United States of America,2022,SICS classification information not available for download,CDP Climate Change 2022
"ANALOG DEVICES, INC.",GYVOE5EZ4GDAVTU4CQ61,United States of America,2021,SICS classification information not available for download,CDP Climate Change 2022
A.P. Moller - Maersk A/S,549300D2K6PKKKXVNN73,Denmark,2021,SICS classification information not available for download,CDP Climate Change 2022
Apple Inc.,HWUPKR0MPOU8FGXBT394,United States of America,2021,SICS classification information not available for download,CDP Climate Change 2022
"APPLIED MATERIALS, INC.",41BNNE1AFPNAZELZ6K07,United States of America,2021,SICS classification information not available for download,CDP Climate Change 2022
ARAMARK,549300MR6PG2DWZUIL39,United States of America,2021,SICS classification information not available for download,CDP Climate Change 2022
ARCADIS N.V.,7245000UZH70GO047N03,Netherlands,2021,SICS classification information not available for download,CDP Climate Change 2022
Arçelik Anonim Şirketi,789000748KTQCUMJ0R25,Türkiye,2021,SICS classification information not available for download,CDP Climate Change 2022
"Asahi Group Holdings,Ltd.",353800KAJ02XNHLCJW79,Japan,2021,SICS classification information not available for download,CDP Climate Change 2022
ASICS Corporation,3538002LJMRZ83SU0B85,Japan,2021,SICS classification information not available for download,CDP Climate Change 2022
ASSA ABLOY AB,549300YECS8HKCIMMB67,Sweden,2021,SICS classification information not available for download,CDP Climate Change 2022
ASTRAZENECA PLC,PY6ZZQWO2IZFZC3IOL08,United Kingdom of Great Britain and Northern Ireland,2021,SICS classification information not available for download,CDP Climate Change 2022
ATEA ASA,5967007LIEEXZXINVS13,Norway,2021,SICS classification information not available for download,CDP Climate Change 2022
ATOS SE,5493001EZOOA66PTBR68,France,2021,SICS classification information not available for download,CDP Climate Change 2022
Aurubis AG,5299005SHIN9ZK7GW242,Germany,2021,SICS classification information not available for download,CDP Climate Change 2022
"AUTODESK, INC.",FRKKVKAIQEF3FCSTPG55,United States of America,2022,SICS classification information not available for download,CDP Climate Change 2022
"AUTOLIV, INC.",A23RUXWKASG834LTMK28,United States of America,2021,SICS classification information not available for download,CDP Climate Change 2022
AUTOSTRADE PER L'ITALIA S.P.A.,815600149448CEB9B230,Italy,2021,SICS classification information not available for download,CDP Climate Change 2022
AXA,F5WCUMTUM4RKZ1MAIE39,France,2021,SICS classification information not available for download,CDP Climate Change 2022
Axiata Group Berhad,254900DM0V7OCPDUUC55,Malaysia,2021,SICS classification information not available for download,CDP Climate Change 2022
AZUL S.A.,549300Z0MWZ57Q9RR205,Brazil,2021,SICS classification information not available for download,CDP Climate Change 2022
BAE SYSTEMS PLC,8SVCSVKSGDWMW2QHOH83,United Kingdom of Great Britain and Northern Ireland,2021,SICS classification information not available for download,CDP Climate Change 2022
BALFOUR BEATTY PLC,CT4UIJ3TUKGYYHMENQ17,United Kingdom of Great Britain and Northern Ireland,2021,SICS classification information not available for download,CDP Climate Change 2022
BARRATT DEVELOPMENTS P L C,2138006R85VEOF5YNK29,United Kingdom of Great Britain and Northern Ireland,2021,SICS classification information not available for download,CDP Climate Change 2022
Bayer Aktiengesellschaft,549300J4U55H3WP1XT59,Germany,2021,SICS classification information not available for download,CDP Climate Change 2022
Bayerische Motoren Werke Aktiengesellschaft,YEH5ZCD6E441RHVHD759,Germany,2021,SICS classification information not available for download,CDP Climate Change 2022
BCE INC.,5493001I9203PRB5KR45,Canada,2021,SICS classification information not available for download,CDP Climate Change 2022
"BECTON, DICKINSON AND COMPANY",ICE2EP6D98PQUILVRZ91,United States of America,2021,SICS classification information not available for download,CDP Climate Change 2022
Beiersdorf Aktiengesellschaft,L47NHHI0Z9X22DV46U41,Germany,2021,SICS classification information not available for download,CDP Climate Change 2022
"BERRY GLOBAL GROUP, INC.",549300G6KKUMMXM8NH73,United States of America,2021,SICS classification information not available for download,CDP Climate Change 2022
"Best Buy Co., Inc.",HL5XPTVRV0O8TUN5LL90,United States of America,2021,SICS classification information not available for download,CDP Climate Change 2022
BIOGEN INC.,W8J5WZB5IY3K0NDQT671,United States of America,2021,SICS classification information not available for download,CDP Climate Change 2022
BNP PARIBAS,R0MUWSFPU8MPRO8K5P83,France,2021,SICS classification information not available for download,CDP Climate Change 2022
BOOZ ALLEN HAMILTON HOLDING CORPORATION,529900JPV47PIUWMA015,United States of America,2022,SICS classification information not available for download,CDP Climate Change 2022
BOSTON SCIENTIFIC CORPORATION,Y6ZDD9FP4P8JSSJMW954,United States of America,2021,SICS classification information not available for download,CDP Climate Change 2022
BRF S.A.,254900MTXR9LUVQFU480,Brazil,2021,SICS classification information not available for download,CDP Climate Change 2022
BRITISH AMERICAN TOBACCO P.L.C.,213800FKA5MF17RJKT63,United Kingdom of Great Britain and Northern Ireland,2021,SICS classification information not available for download,CDP Climate Change 2022
BROWN-FORMAN CORPORATION,549300873K3LXF7ARU34,United States of America,2021,SICS classification information not available for download,CDP Climate Change 2022
BT GROUP PLC,213800LRO7NS5CYQMN21,United Kingdom of Great Britain and Northern Ireland,2022,SICS classification information not available for download,CDP Climate Change 2022
BUNZL PUBLIC LIMITED COMPANY,213800Q1Q9DV4L78UM09,United Kingdom of Great Britain and Northern Ireland,2021,SICS classification information not available for download,CDP Climate Change 2022
BURBERRY GROUP PLC,213800PE1KEFCNFR1R50,United Kingdom of Great Britain and Northern Ireland,2022,SICS classification information not available for download,CDP Climate Change 2022
BUREAU VERITAS,969500TPU5T3HA5D1F11,France,2021,SICS classification information not available for download,CDP Climate Change 2022
Canadian National Railway Company,3SU7BEP7TH9YEQOZCS77,Canada,2021,SICS classification information not available for download,CDP Climate Change 2022
CAPGEMINI,96950077L0TN7BAROX36,France,2021,SICS classification information not available for download,CDP Climate Change 2022
CAPITA PLC,CMIGEWPLHL4M7ZV0IZ88,United Kingdom of Great Britain and Northern Ireland,2021,SICS classification information not available for download,CDP Climate Change 2022
Cargotec Oyj,5493002B0GOVF42KWX33,Finland,2021,SICS classification information not available for download,CDP Climate Change 2022
CARREFOUR,549300B8P6MUJ1YWTS08,France,2021,SICS classification information not available for download,CDP Climate Change 2022
"CATALENT PHARMA SOLUTIONS, INC.",549300HALRZ339MSTH85,United States of America,2021,SICS classification information not available for download,CDP Climate Change 2022
CELLNEX TELECOM SA,5493008T4YG3AQUI7P67,Spain,2021,SICS classification information not available for download,CDP Climate Change 2022
CEMENTOS ARGOS S.A. SIGLA ARGOS S.A.,549300H7BB3SSJRSL735,Colombia,2021,SICS classification information not available for download,CDP Climate Change 2022
CEMEX S A B DE C V,549300RIG2CXWN6IV731,Mexico,2021,SICS classification information not available for download,CDP Climate Change 2022
CENTRICA PLC,E26EDV109X6EEPBKVH76,United Kingdom of Great Britain and Northern Ireland,2021,SICS classification information not available for download,CDP Climate Change 2022
"ČEZ, a. s.",529900S5R9YHJHYKKG94,Czechia,2021,SICS classification information not available for download,CDP Climate Change 2022
CHANEL,969500U4FNDFRFOLSW75,France,2021,SICS classification information not available for download,CDP Climate Change 2022
"CHARLES RIVER LABORATORIES INTERNATIONAL, INC.",549300BSQ0R4UZ5KX287,United States of America,2021,SICS classification information not available for download,CDP Climate Change 2022
Chocoladefabriken Lindt & Sprüngli AG,529900JYJNNOKKAGK736,Switzerland,2021,SICS classification information not available for download,CDP Climate Change 2022
"CISCO SYSTEMS, INC.",549300LKFJ962MZ46593,United States of America,2021,SICS classification information not available for download,CDP Climate Change 2022
CLIFFORD CHANCE LLP,2138005EBVB91BX92G08,United Kingdom of Great Britain and Northern Ireland,2022,SICS classification information not available for download,CDP Climate Change 2022
COCA-COLA EUROPACIFIC PARTNERS PLC,549300LTH67W4GWMRF57,United Kingdom of Great Britain and Northern Ireland,2021,SICS classification information not available for download,CDP Climate Change 2022
COCA-COLA HBC AG,549300EFP3TNG7JGVE49,Switzerland,2021,SICS classification information not available for download,CDP Climate Change 2022
COGECO COMMUNICATIONS INC.,549300XHH6LJM6IAXV57,Canada,2021,SICS classification information not available for download,CDP Climate Change 2022
COGNIZANT TECHNOLOGY SOLUTIONS CORPORATION,5493006IEVQEFQO40L83,United States of America,2021,SICS classification information not available for download,CDP Climate Change 2022
COLGATE-PALMOLIVE COMPANY,YMEGZFW4SBUSS5BQXF88,United States of America,2021,SICS classification information not available for download,CDP Climate Change 2022
COLOPLAST A/S,529900NN7SOJ5QG82X67,Denmark,2021,SICS classification information not available for download,CDP Climate Change 2022
COMPAGNIE DE SAINT-GOBAIN,NFONVGN05Z0FMN5PEC35,France,2021,SICS classification information not available for download,CDP Climate Change 2022
COMPAGNIE GENERALE DES ETABLISSEMENTS MICHELIN,549300SOSI58J6VIW052,France,2021,SICS classification information not available for download,CDP Climate Change 2022
COMPAGNIE PLASTIC OMNIUM SE,9695001VLC2KYXX0DW73,France,2021,SICS classification information not available for download,CDP Climate Change 2022
COMPASS GROUP PLC,2138008M6MH9OZ6U2T68,United Kingdom of Great Britain and Northern Ireland,2021,SICS classification information not available for download,CDP Climate Change 2022
COMPUTACENTER PLC,549300XSXUZ1I19DB105,United Kingdom of Great Britain and Northern Ireland,2021,SICS classification information not available for download,CDP Climate Change 2022
Copel - Companhia Paranaense de Energia,2549001AS1I9A71VG663,Brazil,2021,SICS classification information not available for download,CDP Climate Change 2022
"CORTEVA, INC.",549300WZN9I2QKLS0O94,United States of America,2021,SICS classification information not available for download,CDP Climate Change 2022
CRANSWICK PLC,549300LDZLPU51XOSK43,United Kingdom of Great Britain and Northern Ireland,2022,SICS classification information not available for download,CDP Climate Change 2022
CREDIT AGRICOLE SA,969500TJ5KRTCJQWXH05,France,2021,SICS classification information not available for download,CDP Climate Change 2022
CRODA INTERNATIONAL PUBLIC LIMITED COMPANY,2138004WCNBFJEEOXV26,United Kingdom of Great Britain and Northern Ireland,2021,SICS classification information not available for download,CDP Climate Change 2022
"CROWN HOLDINGS, INC.",NYLWZIOY8PUNIT4JOE22,United States of America,2021,SICS classification information not available for download,CDP Climate Change 2022
CUMMINS INC.,ZUNI8PYC725B6H8JU438,United States of America,2021,SICS classification information not available for download,CDP Climate Change 2022
CURRYS PLC,2138001E12GWLLDQQF16,United Kingdom of Great Britain and Northern Ireland,2022,SICS classification information not available for download,CDP Climate Change 2022
CVS HEALTH CORPORATION,549300EJG376EN5NQE29,United States of America,2021,SICS classification information not available for download,CDP Climate Change 2022
DANA INCORPORATED,KVWHW7YLZPFJM8QYNJ51,United States of America,2021,SICS classification information not available for download,CDP Climate Change 2022
DANFOSS A/S,5493007I2KABJNYPD639,Denmark,2021,SICS classification information not available for download,CDP Climate Change 2022
DANONE,969500KMUQ2B6CBAF162,France,2021,SICS classification information not available for download,CDP Climate Change 2022
DASSAULT SYSTEMES,96950065LBWY0APQIM86,France,2021,SICS classification information not available for download,CDP Climate Change 2022
DECATHLON,9695007JOO3V2B0GMP47,France,2021,SICS classification information not available for download,CDP Climate Change 2022
Dell Technologies Inc.,549300TJB5YBRUPOG437,United States of America,2022,SICS classification information not available for download,CDP Climate Change 2022
DELOITTE TOUCHE TOHMATSU,222100MEPOHBM5TT9E97,Luxembourg,2021,SICS classification information not available for download,CDP Climate Change 2022
"Delta Air Lines, Inc.",Q2CCMS6R0AS67HJMBN42,United States of America,2021,SICS classification information not available for download,CDP Climate Change 2022
"DELTA ELECTRONICS, INC.",529900UVZWNWGDLJSM52,China,2021,SICS classification information not available for download,CDP Climate Change 2022
DENTSU INTERNATIONAL LIMITED,213800FERQ5LE3H7WJ58,United Kingdom of Great Britain and Northern Ireland,2021,SICS classification information not available for download,CDP Climate Change 2022
Deutsche Post AG,8ER8GIG7CSMVD8VUFE78,Germany,2021,SICS classification information not available for download,CDP Climate Change 2022
DEUTSCHE TELEKOM AG,549300V9QSIG4WX4GJ96,Germany,2021,SICS classification information not available for download,CDP Climate Change 2022
DIAGEO PLC,213800ZVIELEA55JMJ32,United Kingdom of Great Britain and Northern Ireland,2021,SICS classification information not available for download,CDP Climate Change 2022
DMG MORI AKTIENGESELLSCHAFT,529900HXE4EQIHJY8518,Germany,2021,SICS classification information not available for download,CDP Climate Change 2022
DOMINO'S PIZZA GROUP PLC,213800Q6ZKHAOV48JL75,United Kingdom of Great Britain and Northern Ireland,2021,SICS classification information not available for download,CDP Climate Change 2022
DOWNER EDI LIMITED,254900DIW3F7OMWAO951,Australia,2021,SICS classification information not available for download,CDP Climate Change 2022
DRAX GROUP PLC,549300YPSNTXR4ZHSR98,United Kingdom of Great Britain and Northern Ireland,2021,SICS classification information not available for download,CDP Climate Change 2022
DR. REDDY'S LABORATORIES LIMITED,335800OVDPY3DVZR2798,India,2022,SICS classification information not available for download,CDP Climate Change 2022
DS SMITH PLC,39RSBE4RCI4M15BLWH36,United Kingdom of Great Britain and Northern Ireland,2022,SICS classification information not available for download,CDP Climate Change 2022
Dürr Aktiengesellschaft,5299003APZ54EDTSRO20,Germany,2021,SICS classification information not available for download,CDP Climate Change 2022
EASYJET PLC,2138001S47XKWIB7TH90,United Kingdom of Great Britain and Northern Ireland,2021,SICS classification information not available for download,CDP Climate Change 2022
EATON CORPORATION PUBLIC LIMITED COMPANY,549300VDIGTMXUNT7H71,Ireland,2021,SICS classification information not available for download,CDP Climate Change 2022
ECOLAB INC.,82DYEISM090VG8LTLS26,United States of America,2021,SICS classification information not available for download,CDP Climate Change 2022
EDIZIONE SPA,8156005BA491A7087C07,Italy,2021,SICS classification information not available for download,CDP Climate Change 2022
"EDP – ENERGIAS DE PORTUGAL, S.A.",529900CLC3WDMGI9VH80,Portugal,2021,SICS classification information not available for download,CDP Climate Change 2022
EDP - ENERGIAS DO BRASIL S.A.,529900MT3VH5D7T9FR43,Brazil,2021,SICS classification information not available for download,CDP Climate Change 2022
ELECTRICITE DE FRANCE,549300X3UK4GG3FNMO06,France,2021,SICS classification information not available for download,CDP Climate Change 2022
Elisa Oyj,743700TU2S3DXWGU7H32,Finland,2021,SICS classification information not available for download,CDP Climate Change 2022
ENEL - SPA,WOCMU6HCI0OJWNPRZS33,Italy,2021,SICS classification information not available for download,CDP Climate Change 2022
ENGIE,LAXUQCHT4FH58LRZDY46,France,2021,SICS classification information not available for download,CDP Climate Change 2022
ENTAIN PLC,213800GNI3K45LQR8L28,United Kingdom of Great Britain and Northern Ireland,2021,SICS classification information not available for download,CDP Climate Change 2022
E.ON SE,Q9MAIUP40P25UFBFG033,Germany,2021,SICS classification information not available for download,CDP Climate Change 2022
Epiroc Aktiebolag,5493004Q73OEYW1SPE91,Sweden,2021,SICS classification information not available for download,CDP Climate Change 2022
Essity Aktiebolag (publ),549300G8E6YUVJ1DA153,Sweden,2021,SICS classification information not available for download,CDP Climate Change 2022
"ETSY, INC.",54930089Q7XT501AEA40,United States of America,2021,SICS classification information not available for download,CDP Climate Change 2022
EUROPCAR MOBILITY GROUP,969500XCGTMV08D76N87,France,2021,SICS classification information not available for download,CDP Climate Change 2022
EVRY ASA,213800IW4PWKHQ146O24,Norway,2021,SICS classification information not available for download,CDP Climate Change 2022
"FAST RETAILING Co.,Ltd.",353800ZCXKHDPY0N5218,Japan,2021,SICS classification information not available for download,CDP Climate Change 2022
FÉDÉRATION DES CAISSES DESJARDINS DU QUÉBEC,549300B2Q47IR0CR5B54,Canada,2021,SICS classification information not available for download,CDP Climate Change 2022
FLSMIDTH & CO. A/S,213800MXXDGQ3ITPXI41,Denmark,2021,SICS classification information not available for download,CDP Climate Change 2022
Flutter Entertainment Public Limited Company,635400EG4YIJLJMZJ782,Ireland,2021,SICS classification information not available for download,CDP Climate Change 2022
FMC CORPORATION,CKDHZ2X64EEBQCSP7013,United States of America,2021,SICS classification information not available for download,CDP Climate Change 2022
FORD MOTOR COMPANY,20S05OYHG0MQM4VUIC57,United States of America,2021,SICS classification information not available for download,CDP Climate Change 2022
FORVIA,969500F0VMZLK2IULV85,France,2021,SICS classification information not available for download,CDP Climate Change 2022
GEA Group Aktiengesellschaft,549300PHUU0ZZWO8EO07,Germany,2021,SICS classification information not available for download,CDP Climate Change 2022
"General Mills, Inc.",2TGYMUGI08PO8X8L6150,United States of America,2021,SICS classification information not available for download,CDP Climate Change 2022
GENERAL MOTORS COMPANY,54930070NSV60J38I987,United States of America,2021,SICS classification information not available for download,CDP Climate Change 2022
GIVAUDAN SA,213800SVRMQA1TD91D41,Switzerland,2021,SICS classification information not available for download,CDP Climate Change 2022
Groupe WSP Global Inc.,549300IQ87LU6X6ERQ78,Canada,2021,SICS classification information not available for download,CDP Climate Change 2022
GRUPO BIMBO S A B DE C V,5493000RIXURZEBFEV60,Mexico,2021,SICS classification information not available for download,CDP Climate Change 2022
GSK PLC,5493000HZTVUYLO1D793,United Kingdom of Great Britain and Northern Ireland,2021,SICS classification information not available for download,CDP Climate Change 2022
"GUESS ?, INC.",549300QVH3ZK2DW0KP86,United States of America,2022,SICS classification information not available for download,CDP Climate Change 2022
Heidelberg Materials AG,LZ2C6E0W5W7LQMX5ZI37,Germany,2021,SICS classification information not available for download,CDP Climate Change 2022
Heineken N.V.,724500K5PTPSST86UQ23,Netherlands,2021,SICS classification information not available for download,CDP Climate Change 2022
Henkel AG & Co. KGaA,549300VZCL1HTH4O4Y49,Germany,2021,SICS classification information not available for download,CDP Climate Change 2022
"HENRY SCHEIN, INC.",VGO3WGL8H45T73F4RR92,United States of America,2021,SICS classification information not available for download,CDP Climate Change 2022
HEWLETT PACKARD ENTERPRISE COMPANY,549300BX44RGX6ANDV88,United States of America,2021,SICS classification information not available for download,CDP Climate Change 2022
HINDUSTAN ZINC LIMITED,335800LB39TLJ8YTWM98,India,2022,SICS classification information not available for download,CDP Climate Change 2022
"Hitachi,Ltd.",549300T6IPOCDWLKC615,Japan,2022,SICS classification information not available for download,CDP Climate Change 2022
H. LUNDBECK A/S,5493006R4KC2OI5D3470,Denmark,2021,SICS classification information not available for download,CDP Climate Change 2022
H & M Hennes & Mauritz AB,529900O5RR7R39FRDM42,Sweden,2021,SICS classification information not available for download,CDP Climate Change 2022
Holcim Ltd,529900EHPFPYHV6IQO98,Switzerland,2021,SICS classification information not available for download,CDP Climate Change 2022
Holmen Aktiebolag,52990080SH3454F0QE68,Sweden,2021,SICS classification information not available for download,CDP Climate Change 2022
"Hon Hai Precision Industry Co., Ltd.",30030004CM3GSZXX7O56,China,2021,SICS classification information not available for download,CDP Climate Change 2022
HP INC.,WHKXQACZ14C5XRO8LW03,United States of America,2021,SICS classification information not available for download,CDP Climate Change 2022
HUGO BOSS AG,529900LFVU534EBRXD13,Germany,2021,SICS classification information not available for download,CDP Climate Change 2022
Husqvarna AB,549300GYQIIJ3UXB7655,Sweden,2021,SICS classification information not available for download,CDP Climate Change 2022
"HYUNDAI MOBIS CO.,LTD",988400HJA9E0ZVDHRS65,Republic of Korea,2021,SICS classification information not available for download,CDP Climate Change 2022
IBERDROLA SA,5QK37QC7NWOJ8D7WVQ45,Spain,2021,SICS classification information not available for download,CDP Climate Change 2022
"Illumina, Inc.",SQ95QG8SR5Q56LSNF682,United States of America,2021,SICS classification information not available for download,CDP Climate Change 2022
IMI PLC,2138002W9Q21PF751R30,United Kingdom of Great Britain and Northern Ireland,2021,SICS classification information not available for download,CDP Climate Change 2022
IMPERIAL BRANDS PLC,549300DFVPOB67JL3A42,United Kingdom of Great Britain and Northern Ireland,2022,SICS classification information not available for download,CDP Climate Change 2022
"INDRA SISTEMAS, S.A.",95980020140005308793,Spain,2021,SICS classification information not available for download,CDP Climate Change 2022
INFORMA PLC,5493006VM2LKUPSEDU20,United Kingdom of Great Britain and Northern Ireland,2021,SICS classification information not available for download,CDP Climate Change 2022
INFOSYS LIMITED,335800TYLGG93MM7PR89,India,2022,SICS classification information not available for download,CDP Climate Change 2022
INGKA HOLDING B.V.,5493008E81TB1MN1VT78,Netherlands,2021,SICS classification information not available for download,CDP Climate Change 2022
INTERNATIONAL BUSINESS MACHINES CORPORATION,VGRQXHF3J8VDLUA7XE92,United States of America,2021,SICS classification information not available for download,CDP Climate Change 2022
"INTERNATIONAL CONSOLIDATED AIRLINES GROUP, S.A.",959800TZHQRUSH1ESL13,Spain,2021,SICS classification information not available for download,CDP Climate Change 2022
INTERNATIONAL FLAVORS & FRAGRANCES INC.,BZLRL03D3GPGMOGFO832,United States of America,2021,SICS classification information not available for download,CDP Climate Change 2022
INTERTEK GROUP PLC,2138003GAT25WW1RN369,United Kingdom of Great Britain and Northern Ireland,2021,SICS classification information not available for download,CDP Climate Change 2022
INTUIT INC.,VI90HBPH7XSFMB9E4M29,United States of America,2021,SICS classification information not available for download,CDP Climate Change 2022
IPSEN,549300M6SGDPB4Z94P11,France,2021,SICS classification information not available for download,CDP Climate Change 2022
ITV PLC,ZLECI7ED2QMWFGYCXZ59,United Kingdom of Great Britain and Northern Ireland,2021,SICS classification information not available for download,CDP Climate Change 2022
JACOBS ENGINEERING GROUP INC.,549300CZ8QS1GE53O776,United States of America,2021,SICS classification information not available for download,CDP Climate Change 2022
JETBLUE AIRWAYS CORPORATION,54930070J9H97ZO93T57,United States of America,2021,SICS classification information not available for download,CDP Climate Change 2022
JOHNSON CONTROLS INTERNATIONAL PUBLIC LIMITED COMPANY,549300XQ6S1GYKGBL205,Ireland,2021,SICS classification information not available for download,CDP Climate Change 2022
Johnson & Johnson,549300G0CFPGEF6X2043,United States of America,2021,SICS classification information not available for download,CDP Climate Change 2022
JOHNSON MATTHEY PLC,2138001AVBSD1HSC6Z10,United Kingdom of Great Britain and Northern Ireland,2022,SICS classification information not available for download,CDP Climate Change 2022
J SAINSBURY PLC,213800VGZAAJIKJ9Y484,United Kingdom of Great Britain and Northern Ireland,2022,SICS classification information not available for download,CDP Climate Change 2022
Kao Corporation,353800HM38HFCB8RGL63,Japan,2021,SICS classification information not available for download,CDP Climate Change 2022
KERING,549300VGEJKB7SVUZR78,France,2021,SICS classification information not available for download,CDP Climate Change 2022
Kesko Oyj,743700OX6HSVMCAHPB95,Finland,2021,SICS classification information not available for download,CDP Climate Change 2022
KIER GROUP PLC,2138002RKCU2OM4Y7O48,United Kingdom of Great Britain and Northern Ireland,2021,SICS classification information not available for download,CDP Climate Change 2022
KINGFISHER PLC,213800KBMEV7I92FY281,United Kingdom of Great Britain and Northern Ireland,2022,SICS classification information not available for download,CDP Climate Change 2022
Kingspan Group plc,635400HM7V74SUB9OG75,Ireland,2021,SICS classification information not available for download,CDP Climate Change 2022
"Kirin Holdings Company, Limited",353800GBVL72LLMTYM96,Japan,2021,SICS classification information not available for download,CDP Climate Change 2022
Koninklijke Ahold Delhaize N.V.,724500C9GNBV20UYRX36,Netherlands,2021,SICS classification information not available for download,CDP Climate Change 2022
Koninklijke KPN N.V.,549300YO0JZHAL7FVP81,Netherlands,2021,SICS classification information not available for download,CDP Climate Change 2022
Koninklijke Philips N.V.,H1FJE8H61JGM1JSGM897,Netherlands,2021,SICS classification information not available for download,CDP Climate Change 2022
KPMG LLP,213800S5DHQ6VQ38DY65,United Kingdom of Great Britain and Northern Ireland,2021,SICS classification information not available for download,CDP Climate Change 2022
KRONES Aktiengesellschaft,529900NY2GSZWWUBW049,Germany,2021,SICS classification information not available for download,CDP Climate Change 2022
LA POSTE,9695000YG7TR7PAP0L59,France,2021,SICS classification information not available for download,CDP Climate Change 2022
LEGRAND,969500XXRPGD7HCAFA90,France,2021,SICS classification information not available for download,CDP Climate Change 2022
Lenzing Aktiengesellschaft,529900BKFJBI0QRDJH63,Austria,2021,SICS classification information not available for download,CDP Climate Change 2022
Levi Strauss & Co.,MB0UERO0RDFKU8258G77,United States of America,2021,SICS classification information not available for download,CDP Climate Change 2022
LG ELECTRONICS INC.,988400RMQFTGZIOG0609,Republic of Korea,2021,SICS classification information not available for download,CDP Climate Change 2022
L'OREAL,529900JI1GG6F7RKVI53,France,2021,SICS classification information not available for download,CDP Climate Change 2022
LULULEMON ATHLETICA INC.,549300D9GZ4BMLDW5T40,United States of America,2021,SICS classification information not available for download,CDP Climate Change 2022
MACE LIMITED,213800ZTXT5UKYFL6344,United Kingdom of Great Britain and Northern Ireland,2021,SICS classification information not available for download,CDP Climate Change 2022
MANPOWERGROUP INC.,ERO1WSFOSR0JJ6CRQ987,United States of America,2021,SICS classification information not available for download,CDP Climate Change 2022
MARKS AND SPENCER GROUP P.L.C.,213800EJP14A79ZG1X44,United Kingdom of Great Britain and Northern Ireland,2022,SICS classification information not available for download,CDP Climate Change 2022
"MARRIOTT INTERNATIONAL, INC.",225YDZ14ZO8E1TXUSU86,United States of America,2021,SICS classification information not available for download,CDP Climate Change 2022
"MARS, INCORPORATED",54930073HKEO6GZBSS03,United States of America,2021,SICS classification information not available for download,CDP Climate Change 2022
Marvell Technology Group Ltd.,8DF36O58U3QIHUCGZB18,United States of America,2022,SICS classification information not available for download,CDP Climate Change 2022
MASTERCARD INCORPORATED,AR5L2ODV9HN37376R084,United States of America,2021,SICS classification information not available for download,CDP Climate Change 2022
MCDONALD'S CORPORATION,UE2136O97NLB5BYP9H04,United States of America,2021,SICS classification information not available for download,CDP Climate Change 2022
Meiji Holdings Co.Ltd.,5299002D52YIP6DWMV49,Japan,2022,SICS classification information not available for download,CDP Climate Change 2022
Mercedes-Benz Group AG,529900R27DL06UVNT076,Germany,2021,SICS classification information not available for download,CDP Climate Change 2022
"META PLATFORMS, INC.",BQ4BKCS1HXDV9HN80Z93,United States of America,2021,SICS classification information not available for download,CDP Climate Change 2022
Metsä Board Oyj,743700KKB8Q035K38488,Finland,2021,SICS classification information not available for download,CDP Climate Change 2022
METTLER-TOLEDO INTERNATIONAL INC.,5493000BD5GJNUDIUG10,United States of America,2021,SICS classification information not available for download,CDP Climate Change 2022
MICROSOFT CORPORATION,INR2EJN1ERAN0W5ZP974,United States of America,2021,SICS classification information not available for download,CDP Climate Change 2022
Millicom International Cellular S.A.,549300CTHC1CP86P2G96,Luxembourg,2021,SICS classification information not available for download,CDP Climate Change 2022
MITIE GROUP PLC,213800MTCLTKEHWZMJ03,United Kingdom of Great Britain and Northern Ireland,2022,SICS classification information not available for download,CDP Climate Change 2022
"Mitsubishi Estate Co., Ltd.",353800KOFMRGOXSJ5Z65,Japan,2022,SICS classification information not available for download,CDP Climate Change 2022
"MOHAWK INDUSTRIES, INC.",549300JI1115MG3Q6322,United States of America,2021,SICS classification information not available for download,CDP Climate Change 2022
MONDI PLC,213800LOZA69QFDC9N34,United Kingdom of Great Britain and Northern Ireland,2021,SICS classification information not available for download,CDP Climate Change 2022
MORGAN SINDALL GROUP PLC,2138008339ULDGZRB345,United Kingdom of Great Britain and Northern Ireland,2021,SICS classification information not available for download,CDP Climate Change 2022
MTN GROUP,2549009JD6Q6XHZS5E05,South Africa,2021,SICS classification information not available for download,CDP Climate Change 2022
NATIONAL GRID PLC,8R95QZMKZLJX5Q2XR704,United Kingdom of Great Britain and Northern Ireland,2022,SICS classification information not available for download,CDP Climate Change 2022
NEC Corporation,5493000QYMPFRTEY4K28,Japan,2022,SICS classification information not available for download,CDP Climate Change 2022
NESTLÉ S.A.,KY37LUS27QQX7BB93L28,Switzerland,2021,SICS classification information not available for download,CDP Climate Change 2022
NEWS CORPORATION,549300ITS31QK8VRBQ14,United States of America,2021,SICS classification information not available for download,CDP Climate Change 2022
"NIKE, INC.",787RXPR0UX0O0XUXPZ81,United States of America,2021,SICS classification information not available for download,CDP Climate Change 2022
NIKON CORPORATION,549300X7LIS9RFELXJ98,Japan,2022,SICS classification information not available for download,CDP Climate Change 2022
Nokia Oyj,549300A0JPRWG1KI7U06,Finland,2021,SICS classification information not available for download,CDP Climate Change 2022
"Nomura Research Institute, Ltd.",5299005F1HCVF4M4QN79,Japan,2022,SICS classification information not available for download,CDP Climate Change 2022
NOVARTIS AG,5493007HIVTX6SY6XD66,Switzerland,2021,SICS classification information not available for download,CDP Climate Change 2022
NOVO NORDISK A/S,549300DAQ1CVT6CXN342,Denmark,2021,SICS classification information not available for download,CDP Climate Change 2022
NOVOZYMES A/S,529900T6WNZXD2R3JW38,Denmark,2021,SICS classification information not available for download,CDP Climate Change 2022
"NRG ENERGY, INC.",5E2UPK5SW04M13XY7I38,United States of America,2020,SICS classification information not available for download,CDP Climate Change 2021
NTT DATA GROUP CORPORATION,353800SZGJGSLJRRWB43,Japan,2022,SICS classification information not available for download,CDP Climate Change 2022
NV BEKAERT SA,5493008SR6XZECH6BN71,Belgium,2021,SICS classification information not available for download,CDP Climate Change 2022
OLAM INTERNATIONAL LIMITED,33D7DTWH8BNIUWE0IF81,Singapore,2021,SICS classification information not available for download,CDP Climate Change 2022
"ONO PHARMACEUTICAL CO., LTD.",529900G26L4NG4GFJZ86,Japan,2022,SICS classification information not available for download,CDP Climate Change 2022
ORACLE CORPORATION,1Z4GXXU7ZHVWFCD8TV52,United States of America,2021,SICS classification information not available for download,CDP Climate Change 2022
ORANGE,969500MCOONR8990S771,France,2021,SICS classification information not available for download,CDP Climate Change 2022
ORBIA ADVANCE CORPORATION S A B DE C V,549300MVHZ20SBIOEQ79,Mexico,2021,SICS classification information not available for download,CDP Climate Change 2022
ORKLA ASA,549300PZS8G8RG6RVZ52,Norway,2021,SICS classification information not available for download,CDP Climate Change 2022
ØRSTED A/S,W9NG6WMZIYEU8VEDOG48,Denmark,2021,SICS classification information not available for download,CDP Climate Change 2022
Outokumpu Oyj,5493009YRUJJDCFF0R80,Finland,2021,SICS classification information not available for download,CDP Climate Change 2022
"PALO ALTO NETWORKS, INC.",549300QXR2YVZV231H43,United States of America,2021,SICS classification information not available for download,CDP Climate Change 2022
Panasonic Holdings Corporation,254900GE1G59KGWPHX32,Japan,2022,SICS classification information not available for download,CDP Climate Change 2022
Pandora A/S,5299007OWYZ6I1E46843,Denmark,2021,SICS classification information not available for download,CDP Climate Change 2022
"PAYPAL HOLDINGS, INC.",5493005X2GO78EFZ3E94,United States of America,2021,SICS classification information not available for download,CDP Climate Change 2022
PEARSON PLC,2138004JBXWWJKIURC57,United Kingdom of Great Britain and Northern Ireland,2021,SICS classification information not available for download,CDP Climate Change 2022
"PepsiCo, Inc.",FJSUNZKFNQ5YPJ5OT455,United States of America,2021,SICS classification information not available for download,CDP Climate Change 2022
PERNOD RICARD,52990097YFPX9J0H5D87,France,2021,SICS classification information not available for download,CDP Climate Change 2022
PERSIMMON PUBLIC LIMITED COMPANY,213800XI72Y57UWN6F31,United Kingdom of Great Britain and Northern Ireland,2021,SICS classification information not available for download,CDP Climate Change 2022
PFIZER INC.,765LHXWGK1KXCLTFYQ30,United States of America,2021,SICS classification information not available for download,CDP Climate Change 2022
Philip Morris International Inc.,HL3H1H2BGXWVG3BSWR90,United States of America,2021,SICS classification information not available for download,CDP Climate Change 2022
PostNL N.V.,724500Q41FHN0P1GPC53,Netherlands,2021,SICS classification information not available for download,CDP Climate Change 2022
PROXIMUS,549300CWRXC5EP004533,Belgium,2021,SICS classification information not available for download,CDP Climate Change 2022
PRYSMIAN S.P.A.,529900X0H1IO3RS1A464,Italy,2021,SICS classification information not available for download,CDP Climate Change 2022
PUBLICIS GROUPE SA,2138004KW8BV57III342,France,2021,SICS classification information not available for download,CDP Climate Change 2022
PUBLIC SERVICE ENTERPRISE GROUP INCORPORATED,PUSS41EMO3E6XXNV3U28,United States of America,2021,SICS classification information not available for download,CDP Climate Change 2022
PUMA SE,529900GRZ2BQY5ZM9N49,Germany,2021,SICS classification information not available for download,CDP Climate Change 2022
PVH CORP.,123WALMHY1GZXG2YDL90,United States of America,2022,SICS classification information not available for download,CDP Climate Change 2022
QIAGEN N.V.,54930036WK3GMCN17Z57,Netherlands,2021,SICS classification information not available for download,CDP Climate Change 2022
QUALCOMM INCORPORATED,H1J8DDZKZP6H7RWC0H53,United States of America,2021,SICS classification information not available for download,CDP Climate Change 2022
RALPH LAUREN CORPORATION,HO1QNWM0IXBZ0QSMMO20,United States of America,2022,SICS classification information not available for download,CDP Climate Change 2022
Randstad N.V.,7245009EAAUUQJ0U4T57,Netherlands,2021,SICS classification information not available for download,CDP Climate Change 2022
RECKITT BENCKISER GROUP PLC,5493003JFSMOJG48V108,United Kingdom of Great Britain and Northern Ireland,2021,SICS classification information not available for download,CDP Climate Change 2022
REDROW PLC,2138008WJZBBA7EYEL28,United Kingdom of Great Britain and Northern Ireland,2021,SICS classification information not available for download,CDP Climate Change 2022
RELIANCE JIO INFOCOMM LIMITED,335800HXPOIUDJ9T5R34,India,2022,SICS classification information not available for download,CDP Climate Change 2022
RELX PLC,549300WSX3VBUFFJOO66,United Kingdom of Great Britain and Northern Ireland,2021,SICS classification information not available for download,CDP Climate Change 2022
REMA 1000 AS,549300JQNA7P47UI6262,Norway,2021,SICS classification information not available for download,CDP Climate Change 2022
RENAULT,969500F7JLTX36OUI695,France,2021,SICS classification information not available for download,CDP Climate Change 2022
Renesas Electronics Corporation,5299000EPC47VJQOFB81,Japan,2021,SICS classification information not available for download,CDP Climate Change 2022
Restaurant Brands International Inc.,5299009RXTX9DN9AKJ98,Canada,2021,SICS classification information not available for download,CDP Climate Change 2022
REXEL,969500N6AVPA51648T62,France,2021,SICS classification information not available for download,CDP Climate Change 2022
"Ricoh Company, Ltd.",549300HFIB2GRUMDID72,Japan,2022,SICS classification information not available for download,CDP Climate Change 2022
ROLLS-ROYCE HOLDINGS PLC,213800EC7997ZBLZJH69,United Kingdom of Great Britain and Northern Ireland,2021,SICS classification information not available for download,CDP Climate Change 2022
RWE Aktiengesellschaft,529900GB7KCA94ACC940,Germany,2021,SICS classification information not available for download,CDP Climate Change 2022
SAAB Aktiebolag,549300ZHO4JCQQI13M69,Sweden,2021,SICS classification information not available for download,CDP Climate Change 2022
SACYR SA,959800XKAB9VNAVN9425,Spain,2021,SICS classification information not available for download,CDP Climate Change 2022
"SALESFORCE, INC.",RCGZFPDMRW58VJ54VR07,United States of America,2022,SICS classification information not available for download,CDP Climate Change 2022
SANOFI,549300E9PC51EN656011,France,2021,SICS classification information not available for download,CDP Climate Change 2022
SAP SE,529900D6BF99LW9R2E68,Germany,2021,SICS classification information not available for download,CDP Climate Change 2022
Schindler Holding AG,5299007DRLI319H7Q933,Switzerland,2021,SICS classification information not available for download,CDP Climate Change 2022
SCHNEIDER ELECTRIC SE,969500A1YF1XUYYXS284,France,2021,SICS classification information not available for download,CDP Climate Change 2022
SEB SA,969500WP61NBK098AC47,France,2021,SICS classification information not available for download,CDP Climate Change 2022
Secom Co. Ltd.,529900TYCL9N3E9PGE47,Japan,2022,SICS classification information not available for download,CDP Climate Change 2022
"Sekisui House, Ltd.",529900GMNDOYQSAJAE76,Japan,2022,SICS classification information not available for download,CDP Climate Change 2022
"SERVICENOW, INC.",549300HJTQM36M0E1G39,United States of America,2021,SICS classification information not available for download,CDP Climate Change 2022
SEVERN TRENT PLC,213800RPBXRETY4A4C59,United Kingdom of Great Britain and Northern Ireland,2022,SICS classification information not available for download,CDP Climate Change 2022
SGS SA,2138007JNS19JHNA2336,Switzerland,2021,SICS classification information not available for download,CDP Climate Change 2022
SHOPIFY INC.,549300HGQ43STJLLP808,Canada,2021,SICS classification information not available for download,CDP Climate Change 2022
Siemens Aktiengesellschaft,W38RGI023J3WT1HWRP32,Germany,2021,SICS classification information not available for download,CDP Climate Change 2022
SIEMENS GAMESA RENEWABLE ENERGY SA,9598004BR8D81D3M1D64,Spain,2021,SICS classification information not available for download,CDP Climate Change 2022
SIGNIFY N.V.,549300072P3J1X8NZO35,Netherlands,2021,SICS classification information not available for download,CDP Climate Change 2022
Singapore Telecommunications Limited,2549003XJKIQO8YDYD89,Singapore,2022,SICS classification information not available for download,CDP Climate Change 2022
Skanska AB,549300UINV5RINHGMG07,Sweden,2021,SICS classification information not available for download,CDP Climate Change 2022
SMITHS GROUP PLC,213800MJL6IPZS3ASA11,United Kingdom of Great Britain and Northern Ireland,2021,SICS classification information not available for download,CDP Climate Change 2022
SNAP INC.,549300JNC0L6VP8A2Q35,United States of America,2021,SICS classification information not available for download,CDP Climate Change 2022
SOCIETE GENERALE,O2RNE8IBXP4R0TD8PU41,France,2021,SICS classification information not available for download,CDP Climate Change 2022
SODEXO,969500LCBOG12HXPYM84,France,2021,SICS classification information not available for download,CDP Climate Change 2022
Sony Group Corporation,529900R5WX9N2OI2N910,Japan,2022,SICS classification information not available for download,CDP Climate Change 2022
SOPRA STERIA GROUP,96950020QIOHAAK9V551,France,2021,SICS classification information not available for download,CDP Climate Change 2022
SPLUNK INC.,549300XGDSGBP6UEI867,United States of America,2021,SICS classification information not available for download,CDP Climate Change 2022
SSAB AB,529900329VS14ZIML164,Sweden,2021,SICS classification information not available for download,CDP Climate Change 2022
SSE PLC,549300KI75VYLLMSK856,United Kingdom of Great Britain and Northern Ireland,2022,SICS classification information not available for download,CDP Climate Change 2022
"STANLEY BLACK & DECKER, INC.",549300DJ09SMTO561131,United States of America,2021,SICS classification information not available for download,CDP Climate Change 2022
Stantec Inc.,549300MZ7NGUZDCP2T16,Canada,2021,SICS classification information not available for download,CDP Climate Change 2022
STARBUCKS CORPORATION,OQSJ1DU9TAOC51A47K68,United States of America,2021,SICS classification information not available for download,CDP Climate Change 2022
Steelcase Inc,GIE4CCPBJDI8SMV1OX95,United States of America,2022,SICS classification information not available for download,CDP Climate Change 2022
STMICROELECTRONICS N.V.,213800Z8NOHIKRI42W10,Netherlands,2021,SICS classification information not available for download,CDP Climate Change 2022
Stora Enso Oyj,7437000ZP669LKUTZ738,Finland,2021,SICS classification information not available for download,CDP Climate Change 2022
"Sumitomo Forestry Co.,LTD.",549300FIIRGO6D5FWR19,Japan,2021,SICS classification information not available for download,CDP Climate Change 2022
Suntory Holdings Limited,54930074QUY8RD0UZM08,Japan,2021,SICS classification information not available for download,CDP Climate Change 2022
"Super Micro Computer, Inc.",54930022CZO1N2UGVW07,United States of America,2021,SICS classification information not available for download,CDP Climate Change 2022
SWECO AB (publ),549300Q4Y55VICYV6U90,Sweden,2021,SICS classification information not available for download,CDP Climate Change 2022
Swisscom AG,5493005SL9HHOXS3B739,Switzerland,2021,SICS classification information not available for download,CDP Climate Change 2022
Symrise AG,529900D82I6R9601CF26,Germany,2021,SICS classification information not available for download,CDP Climate Change 2022
Takeda Pharmaceutical Company Limited,549300ZLMVP4X0OGR454,Japan,2022,SICS classification information not available for download,CDP Climate Change 2022
"TAPESTRY, INC.",549300LJNVY5SW3VTN33,United States of America,2021,SICS classification information not available for download,CDP Climate Change 2022
Target Corporation,8WDDFXB5T1Z6J0XC1L66,United States of America,2022,SICS classification information not available for download,CDP Climate Change 2022
TCHIBO GmbH,529900XMANN03JXXOA57,Germany,2021,SICS classification information not available for download,CDP Climate Change 2022
TDC Holding A/S,529900N96EOVRB114D28,Denmark,2021,SICS classification information not available for download,CDP Climate Change 2022
TECH MAHINDRA LIMITED,3358005FZUZ1I25XQH69,India,2022,SICS classification information not available for download,CDP Climate Change 2022
TEIJIN LIMITED,3538000RF6UCIMPKCO54,Japan,2022,SICS classification information not available for download,CDP Climate Change 2022
Telefonaktiebolaget LM Ericsson,549300W9JLPW15XIFM52,Sweden,2021,SICS classification information not available for download,CDP Climate Change 2022
TELEFONICA SA,549300EEJH4FEPDBBR25,Spain,2021,SICS classification information not available for download,CDP Climate Change 2022
TELENOR ASA,549300IM1QSBY4SLPM26,Norway,2021,SICS classification information not available for download,CDP Climate Change 2022
TELEPERFORMANCE SE,9695004GI61FHFFNRG61,France,2021,SICS classification information not available for download,CDP Climate Change 2022
TELIA COMPANY AB,213800FSR9RNDUOTXO25,Sweden,2021,SICS classification information not available for download,CDP Climate Change 2022
TELSTRA GROUP LIMITED,894500WRW54CVN62K416,Australia,2021,SICS classification information not available for download,CDP Climate Change 2022
TESCO PLC,2138002P5RNKC5W2JZ46,United Kingdom of Great Britain and Northern Ireland,2022,SICS classification information not available for download,CDP Climate Change 2022
THE BERKELEY GROUP HOLDINGS PLC,2138009OQSSLVVHQAL78,United Kingdom of Great Britain and Northern Ireland,2022,SICS classification information not available for download,CDP Climate Change 2022
The Boston Consulting Group,549300NU203HJ5JITU20,Belgium,2021,SICS classification information not available for download,CDP Climate Change 2022
THE CLOROX COMPANY,54930044KVSC06Z79I06,United States of America,2021,SICS classification information not available for download,CDP Climate Change 2022
"THE GAP, INC.",T2ZG1WRWZ4BUCMQL9224,United States of America,2022,SICS classification information not available for download,CDP Climate Change 2022
"THE INTERPUBLIC GROUP OF COMPANIES, INC.",5493008IUOJ5VWTRC333,United States of America,2021,SICS classification information not available for download,CDP Climate Change 2022
THE PROCTER & GAMBLE COMPANY,2572IBTT8CCZW6AU4141,United States of America,2021,SICS classification information not available for download,CDP Climate Change 2022
THERMO FISHER SCIENTIFIC INC.,HCHV7422L5HDJZCRFL38,United States of America,2021,SICS classification information not available for download,CDP Climate Change 2022
THE SAGE GROUP PLC.,2138005RN5XYLTF8G138,United Kingdom of Great Britain and Northern Ireland,2021,SICS classification information not available for download,CDP Climate Change 2022
"Thor Industries, Inc.",254900XZO1228PDSG060,United States of America,2021,SICS classification information not available for download,CDP Climate Change 2022
THYSSENKRUPP AG,549300UDG16DOYUPR330,Germany,2021,SICS classification information not available for download,CDP Climate Change 2022
TK ELEVATOR GMBH,5493002J5JRHNK5Z7533,Germany,2021,SICS classification information not available for download,CDP Climate Change 2022
TRANE TECHNOLOGIES PUBLIC LIMITED COMPANY,549300BURLR9SLYY2705,Ireland,2021,SICS classification information not available for download,CDP Climate Change 2022
Trelleborg AB,213800XY16PAWG2PAD14,Sweden,2021,SICS classification information not available for download,CDP Climate Change 2022
UNILEVER PLC,549300MKFYEKVRWML317,United Kingdom of Great Britain and Northern Ireland,2021,SICS classification information not available for download,CDP Climate Change 2022
"UNITED AIRLINES HOLDINGS, INC.",98450079DA0B78DD6764,United States of America,2021,SICS classification information not available for download,CDP Climate Change 2022
UNITED UTILITIES GROUP PLC,2138002IEYQAOC88ZJ59,United Kingdom of Great Britain and Northern Ireland,2022,SICS classification information not available for download,CDP Climate Change 2022
UNIVAR SOLUTIONS INC.,549300VSXHFQVR770L55,United States of America,2021,SICS classification information not available for download,CDP Climate Change 2022
UPM-KYMMENE OYJ,213800EC6PW5VU4J9U64,Finland,2021,SICS classification information not available for download,CDP Climate Change 2022
VALEO,5493006IH2N2WMIBB742,France,2021,SICS classification information not available for download,CDP Climate Change 2022
Vattenfall AB,549300T5RZ1HA5HZ3109,Sweden,2021,SICS classification information not available for download,CDP Climate Change 2022
Veidekke ASA,5967007LIEEXZXHF4O96,Norway,2021,SICS classification information not available for download,CDP Climate Change 2022
VEOLIA ENVIRONNEMENT,969500LENY69X51OOT31,France,2021,SICS classification information not available for download,CDP Climate Change 2022
VESTAS WIND SYSTEMS A/S,549300DYMC8BGZZC8844,Denmark,2021,SICS classification information not available for download,CDP Climate Change 2022
V.F. CORPORATION,CWAJJ9DJ5Z7P057HV541,United States of America,2022,SICS classification information not available for download,CDP Climate Change 2022
Viking Malt Oy,743700UIL6Z57Q4Z0Y92,Finland,2021,SICS classification information not available for download,CDP Climate Change 2022
VISA INC.,549300JZ4OKEHW3DPJ59,United States of America,2021,SICS classification information not available for download,CDP Climate Change 2022
VISTEON CORPORATION,549300MOVLYHRW4GGW78,United States of America,2021,SICS classification information not available for download,CDP Climate Change 2022
VISTRA CORP.,549300KP43CPCUJOOG15,United States of America,2021,SICS classification information not available for download,CDP Climate Change 2022
VISTRY GROUP PLC,2138001KOWN7CG9SLK53,United Kingdom of Great Britain and Northern Ireland,2021,SICS classification information not available for download,CDP Climate Change 2022
VIVENDI SE,969500FU4DRAEVJW7U54,France,2021,SICS classification information not available for download,CDP Climate Change 2022
"VMWARE, INC.",549300BUDHS3LRWBE814,United States of America,2022,SICS classification information not available for download,CDP Climate Change 2022
VODAFONE GROUP PUBLIC LIMITED COMPANY,213800TB53ELEUKM7Q61,United Kingdom of Great Britain and Northern Ireland,2022,SICS classification information not available for download,CDP Climate Change 2022
Volvo Car AB,5299000EAMGGBEYP7J33,Sweden,2021,SICS classification information not available for download,CDP Climate Change 2022
VOTORANTIM CIMENTOS S.A.,LXVM6T3LO7QIZ8LUZ688,Brazil,2021,SICS classification information not available for download,CDP Climate Change 2022
Wacker Chemie AG,0NURKC5Q3CJYZPPK5046,Germany,2021,SICS classification information not available for download,CDP Climate Change 2022
WALMART INC.,Y87794H0US1R65VBXU25,United States of America,2021,SICS classification information not available for download,CDP Climate Change 2022
WIPRO LIMITED,335800IFS1IJHESG8362,India,2022,SICS classification information not available for download,CDP Climate Change 2022
"WORKDAY, INC.",549300J0DYC0N31V7G13,United States of America,2022,SICS classification information not available for download,CDP Climate Change 2022
WORLEY LIMITED,549300XDR86FY8OLGP97,Australia,2022,SICS classification information not available for download,CDP Climate Change 2022
WPP PLC,549300LSGBXPYHXGDT93,United Kingdom of Great Britain and Northern Ireland,2021,SICS classification information not available for download,CDP Climate Change 2022
XEROX HOLDINGS CORPORATION,5493000Y33XDVO2CXC18,United States of America,2021,SICS classification information not available for download,CDP Climate Change 2022
XYLEM INC.,549300DF5MV96DRYLQ48,United States of America,2021,SICS classification information not available for download,CDP Climate Change 2022
YKK CORPORATION,3538005NRFALKZBG1W96,Japan,2022,SICS classification information not available for download,CDP Climate Change 2022
"YUM! Brands, Inc.",549300JE8XHZZ7OHN517,United States of America,2021,SICS classification information not available for download,CDP Climate Change 2022
ZF Friedrichshafen AG,529900CAYOWB8YIG7X25,Germany,2021,SICS classification information not available for download,CDP Climate Change 2022
